90-Day Content Calendar - Dr. Atul Madaan,,,,,,,,,,,,,,
Week,Theme,Date,Day,Channel,Format,Pillar,Topic,Hook (first line),Hashtags,CTA,Length,Post Window,Status,Notes
1,Foundation: Early Signs,,Mon,Instagram,Reel,P1,3 signs aap miss kar dete hain age 1 par,10 me se 9 parents ye 3 sign miss kar dete hain. Bachata wahi jo time pe pakad le.,#autism #autismindia #autismparents #earlysigns #ludhiana,Save this. Send to a parent of a 1-year-old.,15–30 sec,8–10 AM IST,Planned,"Voiceover in Hindi, captions in English. Repurpose as YT Short Tue."
1,Foundation: Early Signs,,Tue,Instagram,Carousel,P2,ABA vs Speech vs OT - kab kya?,"ABA, Speech, OT - kaunsa pehle? Yahan ek decision tree hai jo har parent ko chahiye.",#autism #autismindia #abatherapy #speechtherapy #ludhiana,"Save. DM ""pathway"" for the printable.",8–10 slides,7–9 PM IST,Planned,"Decision-tree style. Slide 1 = hook, slide 9 = CTA."
1,Foundation: Early Signs,,Wed,Instagram,Reel,P3,Stimming galat nahi hai,Stimming ko rokna mat. Yahan kyun.,#autism #autismindia #stimming #sensoryneeds #ludhiana,Save. Send to a parent who tries to stop stimming.,15–30 sec,8–10 AM IST,Planned,Pattern-interrupt opener. Repurpose as YT Short Thu.
1,Foundation: Early Signs,,Thu,Instagram,Reel,P5,RCI certificate kaise milta hai,RCI disability certificate - pura process step by step.,#autism #autismindia #disabilitycertificate #rci #ludhiana,"Save. DM ""RCI"" for the document checklist.",15–30 sec,7–9 PM IST,Planned,Practical/pathway content. Strong save signal.
1,Foundation: Early Signs,,Fri,Instagram,Carousel,P4,7 signs adults miss in themselves,"""Kya mujhe bhi autism ho sakta hai?"" - 7 sign jo adults realise karte hain.",#autism #autismadults #latediagnosis #audhd #adultautism,Save. Share.,8–10 slides,7–9 PM IST,Planned,Late-recognised audience - highest-save pillar. 9 slides ideal.
1,Foundation: Early Signs,,Sat,Instagram,Reel,P3,Stimming galat nahi hai,Stimming ko rokna mat. Yahan kyun.,#autism #autismindia #stimming #sensoryneeds #ludhiana,Save. Send to a parent who tries to stop stimming.,15–30 sec,11 AM – 1 PM IST,Planned,Lighter / shareable. Repurpose as YT Short Sun.
1,Foundation: Early Signs,,Sat,YouTube,Long-form,P1,Speech Delay vs Autism - Full Clinical Walkthrough,"""Speech delay"" aur autism me kya farak? 8 minute me sab.",-,Subscribe + save the playlist,6–12 min,Anytime,Planned,"Long-form anchor for Week 1 hooks. Chapters: 0:00 intro hook, 0:30 speech-delay definition, 2:00 autism definition, 3:30 overlap, 5:00 the 4 questions to ask, 7:00 when to seek help, 7:45 CTA."
1,Foundation: Early Signs,,Sun,Instagram,Reel,-,Week 1 Q&A - DM se aaye sabse common 3 sawaal,3 sawaal jo is hafte DM me sabse zyada aaye. Yahan jawaab.,#autism #autismindia #autismparents #qna #ludhiana,DM apna sawaal next week ke video ke liye.,30–45 sec,Afternoon,Planned,Conversational. Builds DM loop.
1,Foundation: Early Signs,,Mon+1,YouTube,Short,P1,(Repurpose) 3 signs aap miss kar dete hain age 1 par,10 me se 9 parents ye 3 sign miss kar dete hain. Bachata wahi jo time pe pakad le.,#autism #autismindia #shorts #autismawareness,Full video pinned. Subscribe.,15–35 sec,Anytime,Planned,Repurposed from Mon Reel. Loop ending into opening for replay boost.
1,Foundation: Early Signs,,Wed+1,YouTube,Short,P3,(Repurpose) Stimming galat nahi hai,Stimming ko rokna mat. Yahan kyun.,#autism #autismindia #shorts #autismawareness,Full video pinned. Subscribe.,15–35 sec,Anytime,Planned,Repurposed from Wed Reel. Loop ending into opening for replay boost.
1,Foundation: Early Signs,,Sat+1,YouTube,Short,P3,(Repurpose) Stimming galat nahi hai,Stimming ko rokna mat. Yahan kyun.,#autism #autismindia #shorts #autismawareness,Full video pinned. Subscribe.,15–35 sec,Anytime,Planned,Repurposed from Sat Reel. Loop ending into opening for replay boost.
2,Speech & Communication,,Mon,Instagram,Reel,P1,Eye contact red flags at 6–12 months,Eye contact pe 6 mahine se najar rakhein - yahan kya dekhna hai.,#autism #autismawareness #autismparents #earlydiagnosis #ludhiana,"Save. DM ""checklist"" for the full version.",15–30 sec,8–10 AM IST,Planned,"Voiceover in Hindi, captions in English. Repurpose as YT Short Tue."
2,Speech & Communication,,Tue,Instagram,Carousel,P2,How many hours of therapy is enough?,"""Kitne ghante therapy chahiye?"" - research kya kehti hai.",#autism #autismindia #abatherapy #autismtherapy #ludhiana,Save.,8–10 slides,7–9 PM IST,Planned,"Decision-tree style. Slide 1 = hook, slide 9 = CTA."
2,Speech & Communication,,Wed,Instagram,Reel,P3,Meltdown vs tantrum - farak,Meltdown aur tantrum me ek bada farak hai. Parents miss kar dete hain.,#autism #autismindia #meltdown #autismparents #ludhiana,Save.,15–30 sec,8–10 AM IST,Planned,Pattern-interrupt opener. Repurpose as YT Short Thu.
2,Speech & Communication,,Thu,Instagram,Reel,P5,UDID vs disability certificate,UDID aur disability certificate - alag hain. Yahan farak.,#autism #autismindia #udid #disabilitycertificate #ludhiana,Save.,15–30 sec,7–9 PM IST,Planned,Practical/pathway content. Strong save signal.
2,Speech & Communication,,Fri,Instagram,Carousel,P4,Why women are diagnosed later,Ladkiyon me autism late diagnose kyu hota hai? Yahan asli reason hai.,#autism #autismwomen #latediagnosis #audhd #adultautism,Save.,8–10 slides,7–9 PM IST,Planned,Late-recognised audience - highest-save pillar. 9 slides ideal.
2,Speech & Communication,,Sat,Instagram,Reel,P1,Eye contact red flags at 6–12 months,Eye contact pe 6 mahine se najar rakhein - yahan kya dekhna hai.,#autism #autismawareness #autismparents #earlydiagnosis #ludhiana,"Save. DM ""checklist"" for the full version.",15–30 sec,11 AM – 1 PM IST,Planned,Lighter / shareable. Repurpose as YT Short Sun.
2,Speech & Communication,,Sat,YouTube,Long-form,P1,When Should a Child Start Talking? - Milestones Decoded,First word kab? Phrase kab? Sentences kab? Honest milestones.,-,Subscribe + save the playlist,6–12 min,Anytime,Planned,"Chapters: intro, 12mo, 18mo, 24mo, 36mo, when to worry, what to do."
2,Speech & Communication,,Sun,Instagram,Reel,-,Week 2 Q&A - DM se aaye sabse common 3 sawaal,3 sawaal jo is hafte DM me sabse zyada aaye. Yahan jawaab.,#autism #autismindia #autismparents #qna #ludhiana,DM apna sawaal next week ke video ke liye.,30–45 sec,Afternoon,Planned,Conversational. Builds DM loop.
2,Speech & Communication,,Mon+1,YouTube,Short,P1,(Repurpose) Eye contact red flags at 6–12 months,Eye contact pe 6 mahine se najar rakhein - yahan kya dekhna hai.,#autism #autismindia #shorts #autismawareness,Full video pinned. Subscribe.,15–35 sec,Anytime,Planned,Repurposed from Mon Reel. Loop ending into opening for replay boost.
2,Speech & Communication,,Wed+1,YouTube,Short,P3,(Repurpose) Meltdown vs tantrum - farak,Meltdown aur tantrum me ek bada farak hai. Parents miss kar dete hain.,#autism #autismindia #shorts #autismawareness,Full video pinned. Subscribe.,15–35 sec,Anytime,Planned,Repurposed from Wed Reel. Loop ending into opening for replay boost.
2,Speech & Communication,,Sat+1,YouTube,Short,P1,(Repurpose) Eye contact red flags at 6–12 months,Eye contact pe 6 mahine se najar rakhein - yahan kya dekhna hai.,#autism #autismindia #shorts #autismawareness,Full video pinned. Subscribe.,15–35 sec,Anytime,Planned,Repurposed from Sat Reel. Loop ending into opening for replay boost.
3,Sensory & Stimming Decoded,,Mon,Instagram,Reel,P1,Name response by 9–12 months,"""Aapka bachha apna naam sun ke palatta hai?"" 9 mahine se hi check karein.",#autism #autismindia #earlysigns #babymilestones #ludhiana,Save. Share with a new parent.,15–30 sec,8–10 AM IST,Planned,"Voiceover in Hindi, captions in English. Repurpose as YT Short Tue."
3,Sensory & Stimming Decoded,,Tue,Instagram,Carousel,P2,Inside a speech therapy session,Speech therapy me actually hota kya hai? Yahan 8 slides me.,#autism #autismindia #speechtherapy #autismparents #ludhiana,Save.,8–10 slides,7–9 PM IST,Planned,"Decision-tree style. Slide 1 = hook, slide 9 = CTA."
3,Sensory & Stimming Decoded,,Wed,Instagram,Reel,P3,Meltdown vs shutdown,Meltdown bahar dikhta hai. Shutdown chhupa rehta hai. Dono kya hain.,#autism #autismindia #meltdown #autismparents #ludhiana,Save.,15–30 sec,8–10 AM IST,Planned,Pattern-interrupt opener. Repurpose as YT Short Thu.
3,Sensory & Stimming Decoded,,Thu,Instagram,Reel,P5,RTE school accommodations,RTE ke under autistic bachhe ke kya rights hain school me?,#autism #autismindia #school #rte #ludhiana,Save.,15–30 sec,7–9 PM IST,Planned,Practical/pathway content. Strong save signal.
3,Sensory & Stimming Decoded,,Fri,Instagram,Carousel,P4,Masking - what it costs,"Masking - autistic log roz karte hain, aur ye thakaata hai. Kya hai masking.",#autism #autismadults #masking #burnout #adultautism,Save.,8–10 slides,7–9 PM IST,Planned,Late-recognised audience - highest-save pillar. 9 slides ideal.
3,Sensory & Stimming Decoded,,Sat,Instagram,Reel,P3,Meltdown vs shutdown,Meltdown bahar dikhta hai. Shutdown chhupa rehta hai. Dono kya hain.,#autism #autismindia #meltdown #autismparents #ludhiana,Save.,15–30 sec,11 AM – 1 PM IST,Planned,Lighter / shareable. Repurpose as YT Short Sun.
3,Sensory & Stimming Decoded,,Sat,YouTube,Long-form,P2,ABA vs Speech vs OT - The Parent Decision Guide,"3 therapies, 1 decision. Kaunsa pehle, kab combine, kab step down.",-,Subscribe + save the playlist,6–12 min,Anytime,Planned,Anchor video. Embed decision tree on screen at minute 3.
3,Sensory & Stimming Decoded,,Sun,Instagram,Reel,-,Week 3 Q&A - DM se aaye sabse common 3 sawaal,3 sawaal jo is hafte DM me sabse zyada aaye. Yahan jawaab.,#autism #autismindia #autismparents #qna #ludhiana,DM apna sawaal next week ke video ke liye.,30–45 sec,Afternoon,Planned,Conversational. Builds DM loop.
3,Sensory & Stimming Decoded,,Mon+1,YouTube,Short,P1,(Repurpose) Name response by 9–12 months,"""Aapka bachha apna naam sun ke palatta hai?"" 9 mahine se hi check karein.",#autism #autismindia #shorts #autismawareness,Full video pinned. Subscribe.,15–35 sec,Anytime,Planned,Repurposed from Mon Reel. Loop ending into opening for replay boost.
3,Sensory & Stimming Decoded,,Wed+1,YouTube,Short,P3,(Repurpose) Meltdown vs shutdown,Meltdown bahar dikhta hai. Shutdown chhupa rehta hai. Dono kya hain.,#autism #autismindia #shorts #autismawareness,Full video pinned. Subscribe.,15–35 sec,Anytime,Planned,Repurposed from Wed Reel. Loop ending into opening for replay boost.
3,Sensory & Stimming Decoded,,Sat+1,YouTube,Short,P3,(Repurpose) Meltdown vs shutdown,Meltdown bahar dikhta hai. Shutdown chhupa rehta hai. Dono kya hain.,#autism #autismindia #shorts #autismawareness,Full video pinned. Subscribe.,15–35 sec,Anytime,Planned,Repurposed from Sat Reel. Loop ending into opening for replay boost.
4,Therapy Decision Tree,,Mon,Instagram,Reel,P1,"Joint attention - what it is, why it matters",Joint attention - ye ek shabd autism diagnosis me sabse important hai.,#autism #autismindia #earlysigns #pediatrics #ludhiana,Save. Comment 🌱 to get the joint-attention checklist.,15–30 sec,8–10 AM IST,Planned,"Voiceover in Hindi, captions in English. Repurpose as YT Short Tue."
4,Therapy Decision Tree,,Tue,Instagram,Carousel,P2,Inside an OT session,"OT (occupational therapy) - naam confusing, kaam clear. Yahan dekho.",#autism #autismindia #occupationaltherapy #sensory #ludhiana,Save.,8–10 slides,7–9 PM IST,Planned,"Decision-tree style. Slide 1 = hook, slide 9 = CTA."
4,Therapy Decision Tree,,Wed,Instagram,Reel,P3,Sensory overload in public - first response,"Market me bachha ""tantrum"" kar raha hai? Ye sensory overload bhi ho sakta hai.",#autism #autismindia #sensory #autismparents #ludhiana,Save. Share.,15–30 sec,8–10 AM IST,Planned,Pattern-interrupt opener. Repurpose as YT Short Thu.
4,Therapy Decision Tree,,Thu,Instagram,Reel,P5,Special school vs mainstream,Special school ya regular school? Decision kaise lein.,#autism #autismindia #school #autismparents #ludhiana,Save.,15–30 sec,7–9 PM IST,Planned,Practical/pathway content. Strong save signal.
4,Therapy Decision Tree,,Fri,Instagram,Carousel,P4,Autistic burnout - the real condition,"Autistic burnout - sirf thakaan nahi. Kya hai, kaise pehchaane.",#autism #autismadults #burnout #masking #adultautism,Save.,8–10 slides,7–9 PM IST,Planned,Late-recognised audience - highest-save pillar. 9 slides ideal.
4,Therapy Decision Tree,,Sat,Instagram,Reel,P1,"Joint attention - what it is, why it matters",Joint attention - ye ek shabd autism diagnosis me sabse important hai.,#autism #autismindia #earlysigns #pediatrics #ludhiana,Save. Comment 🌱 to get the joint-attention checklist.,15–30 sec,11 AM – 1 PM IST,Planned,Lighter / shareable. Repurpose as YT Short Sun.
4,Therapy Decision Tree,,Sat,YouTube,Long-form,P3,Stimming - Stop Trying to Stop It (Here's What to Do Instead),Stimming ko stop karne ki koshish chhodo. Yahan asli plan hai.,-,Subscribe + save the playlist,6–12 min,Anytime,Planned,Anchor for Week 3 hooks.
4,Therapy Decision Tree,,Sun,Instagram,Reel,-,Week 4 Q&A - DM se aaye sabse common 3 sawaal,3 sawaal jo is hafte DM me sabse zyada aaye. Yahan jawaab.,#autism #autismindia #autismparents #qna #ludhiana,DM apna sawaal next week ke video ke liye.,30–45 sec,Afternoon,Planned,Conversational. Builds DM loop.
4,Therapy Decision Tree,,Mon+1,YouTube,Short,P1,"(Repurpose) Joint attention - what it is, why it matters",Joint attention - ye ek shabd autism diagnosis me sabse important hai.,#autism #autismindia #shorts #autismawareness,Full video pinned. Subscribe.,15–35 sec,Anytime,Planned,Repurposed from Mon Reel. Loop ending into opening for replay boost.
4,Therapy Decision Tree,,Wed+1,YouTube,Short,P3,(Repurpose) Sensory overload in public - first response,"Market me bachha ""tantrum"" kar raha hai? Ye sensory overload bhi ho sakta hai.",#autism #autismindia #shorts #autismawareness,Full video pinned. Subscribe.,15–35 sec,Anytime,Planned,Repurposed from Wed Reel. Loop ending into opening for replay boost.
4,Therapy Decision Tree,,Sat+1,YouTube,Short,P1,"(Repurpose) Joint attention - what it is, why it matters",Joint attention - ye ek shabd autism diagnosis me sabse important hai.,#autism #autismindia #shorts #autismawareness,Full video pinned. Subscribe.,15–35 sec,Anytime,Planned,Repurposed from Sat Reel. Loop ending into opening for replay boost.
5,Late-Recognised Autism (Adults),,Mon,Instagram,Reel,P1,Pointing milestone explained,12 mahine pe nahin point karta? Ye normal nahi hai - yahan kyun.,#autism #autismindia #autismparents #earlydiagnosis #ludhiana,Save. Send to your paediatrician.,15–30 sec,8–10 AM IST,Planned,"Voiceover in Hindi, captions in English. Repurpose as YT Short Tue."
5,Late-Recognised Autism (Adults),,Tue,Instagram,Carousel,P2,PECS - picture exchange explained,Non-speaking bachhe ke liye PECS - ek poori communication system.,#autism #autismindia #aac #pecs #ludhiana,"Save. DM ""PECS"" for the starter kit.",8–10 slides,7–9 PM IST,Planned,"Decision-tree style. Slide 1 = hook, slide 9 = CTA."
5,Late-Recognised Autism (Adults),,Wed,Instagram,Reel,P3,Sound sensitivity at home,"Pressure cooker, mixer, bartan - yahan sound sensitivity kaise manage karein.",#autism #autismindia #sensory #autismparents #ludhiana,Save.,15–30 sec,8–10 AM IST,Planned,Pattern-interrupt opener. Repurpose as YT Short Thu.
5,Late-Recognised Autism (Adults),,Thu,Instagram,Reel,P5,Finding a good therapist in India,5 sawaal jo aapko therapist hire karne se pehle puchne chahiye.,#autism #autismindia #autismtherapy #autismparents #ludhiana,Save.,15–30 sec,7–9 PM IST,Planned,Practical/pathway content. Strong save signal.
5,Late-Recognised Autism (Adults),,Fri,Instagram,Carousel,P4,AuDHD - autism + ADHD together,"AuDHD - naya term, asli condition. Dono ek saath kaise hote hain.",#autism #adhd #audhd #neurodivergent #adultautism,Save.,8–10 slides,7–9 PM IST,Planned,Late-recognised audience - highest-save pillar. 9 slides ideal.
5,Late-Recognised Autism (Adults),,Sat,Instagram,Reel,P3,Sound sensitivity at home,"Pressure cooker, mixer, bartan - yahan sound sensitivity kaise manage karein.",#autism #autismindia #sensory #autismparents #ludhiana,Save.,15–30 sec,11 AM – 1 PM IST,Planned,Lighter / shareable. Repurpose as YT Short Sun.
5,Late-Recognised Autism (Adults),,Sat,YouTube,Long-form,P4,Adult Autism in India - A Late-Diagnosis Walkthrough,30+ adults jo abhi autism realise kar rahe hain - pura walkthrough.,-,Subscribe + save the playlist,6–12 min,Anytime,Planned,Long-form anchor for Week 5.
5,Late-Recognised Autism (Adults),,Sun,Instagram,Reel,-,Week 5 Q&A - DM se aaye sabse common 3 sawaal,3 sawaal jo is hafte DM me sabse zyada aaye. Yahan jawaab.,#autism #autismindia #autismparents #qna #ludhiana,DM apna sawaal next week ke video ke liye.,30–45 sec,Afternoon,Planned,Conversational. Builds DM loop.
5,Late-Recognised Autism (Adults),,Mon+1,YouTube,Short,P1,(Repurpose) Pointing milestone explained,12 mahine pe nahin point karta? Ye normal nahi hai - yahan kyun.,#autism #autismindia #shorts #autismawareness,Full video pinned. Subscribe.,15–35 sec,Anytime,Planned,Repurposed from Mon Reel. Loop ending into opening for replay boost.
5,Late-Recognised Autism (Adults),,Wed+1,YouTube,Short,P3,(Repurpose) Sound sensitivity at home,"Pressure cooker, mixer, bartan - yahan sound sensitivity kaise manage karein.",#autism #autismindia #shorts #autismawareness,Full video pinned. Subscribe.,15–35 sec,Anytime,Planned,Repurposed from Wed Reel. Loop ending into opening for replay boost.
5,Late-Recognised Autism (Adults),,Sat+1,YouTube,Short,P3,(Repurpose) Sound sensitivity at home,"Pressure cooker, mixer, bartan - yahan sound sensitivity kaise manage karein.",#autism #autismindia #shorts #autismawareness,Full video pinned. Subscribe.,15–35 sec,Anytime,Planned,Repurposed from Sat Reel. Loop ending into opening for replay boost.
6,School & Education Pathway,,Mon,Instagram,Reel,P1,Language regression after age 1,"""Pehle bolta tha, ab band kar diya"" - language regression kya hota hai.",#autism #autismindia #speechdelay #autismparents #ludhiana,"Save. DM ""regression"" for the early-action plan.",15–30 sec,8–10 AM IST,Planned,"Voiceover in Hindi, captions in English. Repurpose as YT Short Tue."
6,School & Education Pathway,,Tue,Instagram,Carousel,P2,AAC devices for non-speaking kids,"AAC - ye sirf ""tab"" nahi hai. Ye aapke bachhe ki awaaz hai.",#autism #autismindia #aac #nonspeaking #ludhiana,Save.,8–10 slides,7–9 PM IST,Planned,"Decision-tree style. Slide 1 = hook, slide 9 = CTA."
6,School & Education Pathway,,Wed,Instagram,Reel,P3,Texture/food sensory issues,"Bachha sirf 5 cheezein khata hai? Ye sensory issue ho sakta hai, ziddi nahi.",#autism #autismindia #foodsensitivity #autismparents #ludhiana,Save.,15–30 sec,8–10 AM IST,Planned,Pattern-interrupt opener. Repurpose as YT Short Thu.
6,School & Education Pathway,,Thu,Instagram,Reel,P5,"Government schemes - Niramaya, Sugamya",Niramaya insurance + Sugamya scheme - autistic bachhe ke parents ke liye.,#autism #autismindia #government #niramaya #ludhiana,"Save. DM ""scheme"" for links.",15–30 sec,7–9 PM IST,Planned,Practical/pathway content. Strong save signal.
6,School & Education Pathway,,Fri,Instagram,Carousel,P4,Special interests in adults,"Adults me ""special interest"" - ye obsession nahi, ye strength hai.",#autism #autismadults #neurodivergent #adultautism #audhd,Save.,8–10 slides,7–9 PM IST,Planned,Late-recognised audience - highest-save pillar. 9 slides ideal.
6,School & Education Pathway,,Sat,Instagram,Reel,P1,Language regression after age 1,"""Pehle bolta tha, ab band kar diya"" - language regression kya hota hai.",#autism #autismindia #speechdelay #autismparents #ludhiana,"Save. DM ""regression"" for the early-action plan.",15–30 sec,11 AM – 1 PM IST,Planned,Lighter / shareable. Repurpose as YT Short Sun.
6,School & Education Pathway,,Sat,YouTube,Long-form,P5,"RCI Certificate Step-by-Step - Documents, Forms, Timelines","RCI certificate ka full process - kya documents, kahan jaayein.",-,Subscribe + save the playlist,6–12 min,Anytime,Planned,Anchor for Week 6. Include checklist download.
6,School & Education Pathway,,Sun,Instagram,Reel,-,Week 6 Q&A - DM se aaye sabse common 3 sawaal,3 sawaal jo is hafte DM me sabse zyada aaye. Yahan jawaab.,#autism #autismindia #autismparents #qna #ludhiana,DM apna sawaal next week ke video ke liye.,30–45 sec,Afternoon,Planned,Conversational. Builds DM loop.
6,School & Education Pathway,,Mon+1,YouTube,Short,P1,(Repurpose) Language regression after age 1,"""Pehle bolta tha, ab band kar diya"" - language regression kya hota hai.",#autism #autismindia #shorts #autismawareness,Full video pinned. Subscribe.,15–35 sec,Anytime,Planned,Repurposed from Mon Reel. Loop ending into opening for replay boost.
6,School & Education Pathway,,Wed+1,YouTube,Short,P3,(Repurpose) Texture/food sensory issues,"Bachha sirf 5 cheezein khata hai? Ye sensory issue ho sakta hai, ziddi nahi.",#autism #autismindia #shorts #autismawareness,Full video pinned. Subscribe.,15–35 sec,Anytime,Planned,Repurposed from Wed Reel. Loop ending into opening for replay boost.
6,School & Education Pathway,,Sat+1,YouTube,Short,P1,(Repurpose) Language regression after age 1,"""Pehle bolta tha, ab band kar diya"" - language regression kya hota hai.",#autism #autismindia #shorts #autismawareness,Full video pinned. Subscribe.,15–35 sec,Anytime,Planned,Repurposed from Sat Reel. Loop ending into opening for replay boost.
7,Behaviour Challenges at Home,,Mon,Instagram,Reel,P1,Pretend play at age 2,Age 2 par pretend play nahi karta? Ye ek bada signal hai.,#autism #autismindia #earlysigns #autismparents #ludhiana,Save and share.,15–30 sec,8–10 AM IST,Planned,"Voiceover in Hindi, captions in English. Repurpose as YT Short Tue."
7,Behaviour Challenges at Home,,Tue,Instagram,Carousel,P2,DTT vs NET in ABA,ABA ke andar DTT aur NET - dono kab use hote hain.,#autism #autismindia #abatherapy #autismindia #ludhiana,Save.,8–10 slides,7–9 PM IST,Planned,"Decision-tree style. Slide 1 = hook, slide 9 = CTA."
7,Behaviour Challenges at Home,,Wed,Instagram,Reel,P3,Clothing tags and seams,"""Ye kameez kyu nahi pehnenga?"" - fabric sensitivity asli hai.",#autism #autismindia #sensory #autismparents #ludhiana,Save.,15–30 sec,8–10 AM IST,Planned,Pattern-interrupt opener. Repurpose as YT Short Thu.
7,Behaviour Challenges at Home,,Thu,Instagram,Reel,P5,Diagnosis age - kab karayein?,18 mahine se autism diagnose ho sakta hai. Kab actually karayein.,#autism #autismindia #diagnosis #earlysigns #ludhiana,Save.,15–30 sec,7–9 PM IST,Planned,Practical/pathway content. Strong save signal.
7,Behaviour Challenges at Home,,Fri,Instagram,Carousel,P4,"Late diagnosis at 30, 40 - now what?",40 saal ki umar me autism diagnosis - bahut late hai? Bilkul nahi.,#autism #autismadults #latediagnosis #adultautism #audhd,Save.,8–10 slides,7–9 PM IST,Planned,Late-recognised audience - highest-save pillar. 9 slides ideal.
7,Behaviour Challenges at Home,,Sat,Instagram,Reel,P3,Clothing tags and seams,"""Ye kameez kyu nahi pehnenga?"" - fabric sensitivity asli hai.",#autism #autismindia #sensory #autismparents #ludhiana,Save.,15–30 sec,11 AM – 1 PM IST,Planned,Lighter / shareable. Repurpose as YT Short Sun.
7,Behaviour Challenges at Home,,Sat,YouTube,Long-form,P3,Behaviour at Home - Calming a Meltdown Without Punishing,"Meltdown ke time pe kya karein, kya nahi. Step-by-step.",-,Subscribe + save the playlist,6–12 min,Anytime,Planned,Anchor for Week 7.
7,Behaviour Challenges at Home,,Sun,Instagram,Reel,-,Week 7 Q&A - DM se aaye sabse common 3 sawaal,3 sawaal jo is hafte DM me sabse zyada aaye. Yahan jawaab.,#autism #autismindia #autismparents #qna #ludhiana,DM apna sawaal next week ke video ke liye.,30–45 sec,Afternoon,Planned,Conversational. Builds DM loop.
7,Behaviour Challenges at Home,,Mon+1,YouTube,Short,P1,(Repurpose) Pretend play at age 2,Age 2 par pretend play nahi karta? Ye ek bada signal hai.,#autism #autismindia #shorts #autismawareness,Full video pinned. Subscribe.,15–35 sec,Anytime,Planned,Repurposed from Mon Reel. Loop ending into opening for replay boost.
7,Behaviour Challenges at Home,,Wed+1,YouTube,Short,P3,(Repurpose) Clothing tags and seams,"""Ye kameez kyu nahi pehnenga?"" - fabric sensitivity asli hai.",#autism #autismindia #shorts #autismawareness,Full video pinned. Subscribe.,15–35 sec,Anytime,Planned,Repurposed from Wed Reel. Loop ending into opening for replay boost.
7,Behaviour Challenges at Home,,Sat+1,YouTube,Short,P3,(Repurpose) Clothing tags and seams,"""Ye kameez kyu nahi pehnenga?"" - fabric sensitivity asli hai.",#autism #autismindia #shorts #autismawareness,Full video pinned. Subscribe.,15–35 sec,Anytime,Planned,Repurposed from Sat Reel. Loop ending into opening for replay boost.
8,AuDHD: Autism + ADHD Overlap,,Mon,Instagram,Reel,P1,Stimming in babies vs neurotypical babies,Baby flapping karta hai - ye stimming hai ya normal? Farak yahan.,#autism #autismindia #stimming #autismparents #ludhiana,"Save. DM ""stim"" for the full guide.",15–30 sec,8–10 AM IST,Planned,"Voiceover in Hindi, captions in English. Repurpose as YT Short Tue."
8,AuDHD: Autism + ADHD Overlap,,Tue,Instagram,Carousel,P2,Floortime / DIR approach,"DIR Floortime - ABA se alag, par effective. Kab choose karein.",#autism #autismindia #floortime #dir #ludhiana,Save.,8–10 slides,7–9 PM IST,Planned,"Decision-tree style. Slide 1 = hook, slide 9 = CTA."
8,AuDHD: Autism + ADHD Overlap,,Wed,Instagram,Reel,P3,"Rocking, hand-flapping, spinning - why","Stimming behaviours - ye signal hai, problem nahi. Kya signal?",#autism #autismindia #stimming #autismparents #ludhiana,Save.,15–30 sec,8–10 AM IST,Planned,Pattern-interrupt opener. Repurpose as YT Short Thu.
8,AuDHD: Autism + ADHD Overlap,,Thu,Instagram,Reel,P5,Multiple opinions - when needed,Doosre doctor ki opinion lena galat nahi. Kab zaroori hai.,#autism #autismindia #diagnosis #autismparents #ludhiana,Save.,15–30 sec,7–9 PM IST,Planned,Practical/pathway content. Strong save signal.
8,AuDHD: Autism + ADHD Overlap,,Fri,Instagram,Carousel,P4,Sensory issues that never went away,"""Mujhe shor pasand nahi"" - adulthood me bhi sensory issues rehte hain.",#autism #autismadults #sensory #adultautism #audhd,Save.,8–10 slides,7–9 PM IST,Planned,Late-recognised audience - highest-save pillar. 9 slides ideal.
8,AuDHD: Autism + ADHD Overlap,,Sat,Instagram,Reel,P1,Stimming in babies vs neurotypical babies,Baby flapping karta hai - ye stimming hai ya normal? Farak yahan.,#autism #autismindia #stimming #autismparents #ludhiana,"Save. DM ""stim"" for the full guide.",15–30 sec,11 AM – 1 PM IST,Planned,Lighter / shareable. Repurpose as YT Short Sun.
8,AuDHD: Autism + ADHD Overlap,,Sat,YouTube,Long-form,P4,AuDHD - When Autism and ADHD Overlap,"AuDHD - naya naam, purani condition. Diagnose kaise, treat kaise.",-,Subscribe + save the playlist,6–12 min,Anytime,Planned,Anchor for Week 8.
8,AuDHD: Autism + ADHD Overlap,,Sun,Instagram,Reel,-,Week 8 Q&A - DM se aaye sabse common 3 sawaal,3 sawaal jo is hafte DM me sabse zyada aaye. Yahan jawaab.,#autism #autismindia #autismparents #qna #ludhiana,DM apna sawaal next week ke video ke liye.,30–45 sec,Afternoon,Planned,Conversational. Builds DM loop.
8,AuDHD: Autism + ADHD Overlap,,Mon+1,YouTube,Short,P1,(Repurpose) Stimming in babies vs neurotypical babies,Baby flapping karta hai - ye stimming hai ya normal? Farak yahan.,#autism #autismindia #shorts #autismawareness,Full video pinned. Subscribe.,15–35 sec,Anytime,Planned,Repurposed from Mon Reel. Loop ending into opening for replay boost.
8,AuDHD: Autism + ADHD Overlap,,Wed+1,YouTube,Short,P3,"(Repurpose) Rocking, hand-flapping, spinning - why","Stimming behaviours - ye signal hai, problem nahi. Kya signal?",#autism #autismindia #shorts #autismawareness,Full video pinned. Subscribe.,15–35 sec,Anytime,Planned,Repurposed from Wed Reel. Loop ending into opening for replay boost.
8,AuDHD: Autism + ADHD Overlap,,Sat+1,YouTube,Short,P1,(Repurpose) Stimming in babies vs neurotypical babies,Baby flapping karta hai - ye stimming hai ya normal? Farak yahan.,#autism #autismindia #shorts #autismawareness,Full video pinned. Subscribe.,15–35 sec,Anytime,Planned,Repurposed from Sat Reel. Loop ending into opening for replay boost.
9,"Sleep, Food, Daily Living",,Mon,Instagram,Reel,P1,M-CHAT screening explained,"M-CHAT - autism ka pehla screen. 20 sawaal, ghar pe bhi ho sakta hai.",#autism #autismindia #screening #earlydiagnosis #ludhiana,"Save. DM ""mchat"" for the form.",15–30 sec,8–10 AM IST,Planned,"Voiceover in Hindi, captions in English. Repurpose as YT Short Tue."
9,"Sleep, Food, Daily Living",,Tue,Instagram,Carousel,P2,Coordinating multiple therapies,"3 therapies, 1 bachha - schedule kaise banayein bina burn out kiye.",#autism #autismindia #autismparents #therapy #ludhiana,Save.,8–10 slides,7–9 PM IST,Planned,"Decision-tree style. Slide 1 = hook, slide 9 = CTA."
9,"Sleep, Food, Daily Living",,Wed,Instagram,Reel,P3,Hyperactivity vs autism overlap,"""Bachha hyperactive hai"" - ya autism hai? Dono ho sakte hain.",#autism #autismindia #adhd #autismparents #ludhiana,Save.,15–30 sec,8–10 AM IST,Planned,Pattern-interrupt opener. Repurpose as YT Short Thu.
9,"Sleep, Food, Daily Living",,Thu,Instagram,Reel,P5,Inclusive playgroups in India,"Inclusive playgroups - kahan milte hain, kaise shuru karein.",#autism #autismindia #autismparents #community #ludhiana,Save.,15–30 sec,7–9 PM IST,Planned,Practical/pathway content. Strong save signal.
9,"Sleep, Food, Daily Living",,Fri,Instagram,Carousel,P4,Eye contact - faking it tires,"""Eye contact karna padta hai"" - autistic adults ke liye ye effort hai.",#autism #autismadults #masking #adultautism #audhd,Save.,8–10 slides,7–9 PM IST,Planned,Late-recognised audience - highest-save pillar. 9 slides ideal.
9,"Sleep, Food, Daily Living",,Sat,Instagram,Reel,P3,Hyperactivity vs autism overlap,"""Bachha hyperactive hai"" - ya autism hai? Dono ho sakte hain.",#autism #autismindia #adhd #autismparents #ludhiana,Save.,15–30 sec,11 AM – 1 PM IST,Planned,Lighter / shareable. Repurpose as YT Short Sun.
9,"Sleep, Food, Daily Living",,Sat,YouTube,Long-form,P3,"Sleep, Eating, Daily Living - The Practical Autism Playbook",Roz ki challenges - sone se khane tak. Practical playbook.,-,Subscribe + save the playlist,6–12 min,Anytime,Planned,Anchor for Week 9.
9,"Sleep, Food, Daily Living",,Sun,Instagram,Reel,-,Week 9 Q&A - DM se aaye sabse common 3 sawaal,3 sawaal jo is hafte DM me sabse zyada aaye. Yahan jawaab.,#autism #autismindia #autismparents #qna #ludhiana,DM apna sawaal next week ke video ke liye.,30–45 sec,Afternoon,Planned,Conversational. Builds DM loop.
9,"Sleep, Food, Daily Living",,Mon+1,YouTube,Short,P1,(Repurpose) M-CHAT screening explained,"M-CHAT - autism ka pehla screen. 20 sawaal, ghar pe bhi ho sakta hai.",#autism #autismindia #shorts #autismawareness,Full video pinned. Subscribe.,15–35 sec,Anytime,Planned,Repurposed from Mon Reel. Loop ending into opening for replay boost.
9,"Sleep, Food, Daily Living",,Wed+1,YouTube,Short,P3,(Repurpose) Hyperactivity vs autism overlap,"""Bachha hyperactive hai"" - ya autism hai? Dono ho sakte hain.",#autism #autismindia #shorts #autismawareness,Full video pinned. Subscribe.,15–35 sec,Anytime,Planned,Repurposed from Wed Reel. Loop ending into opening for replay boost.
9,"Sleep, Food, Daily Living",,Sat+1,YouTube,Short,P3,(Repurpose) Hyperactivity vs autism overlap,"""Bachha hyperactive hai"" - ya autism hai? Dono ho sakte hain.",#autism #autismindia #shorts #autismawareness,Full video pinned. Subscribe.,15–35 sec,Anytime,Planned,Repurposed from Sat Reel. Loop ending into opening for replay boost.
10,Sibling & Family Impact,,Mon,Instagram,Reel,P1,Imitation milestones - what to watch,Imitation ek aisi cheez hai jo autism me sabse pehle delay hoti hai.,#autism #autismindia #earlysigns #autismparents #ludhiana,Save. Send to a parent of a 1-year-old.,15–30 sec,8–10 AM IST,Planned,"Voiceover in Hindi, captions in English. Repurpose as YT Short Tue."
10,Sibling & Family Impact,,Tue,Instagram,Carousel,P2,When to step down therapy intensity,Therapy hamesha ke liye nahi. Step-down kab aur kaise.,#autism #autismindia #abatherapy #autismtherapy #ludhiana,Save.,8–10 slides,7–9 PM IST,Planned,"Decision-tree style. Slide 1 = hook, slide 9 = CTA."
10,Sibling & Family Impact,,Wed,Instagram,Reel,P3,Joint family pressure,"Dadi-Nani kehti hain ""kuch nahi hai bachhe me"" - yahan kya boliye.",#autism #autismindia #autismparents #ludhiana #drludhiana,Save. Share.,15–30 sec,8–10 AM IST,Planned,Pattern-interrupt opener. Repurpose as YT Short Thu.
10,Sibling & Family Impact,,Thu,Instagram,Reel,P5,Cost of therapy - realistic numbers,Autism therapy ka monthly cost India me - honest numbers.,#autism #autismindia #autismtherapy #autismparents #ludhiana,Save.,15–30 sec,7–9 PM IST,Planned,Practical/pathway content. Strong save signal.
10,Sibling & Family Impact,,Fri,Instagram,Carousel,P4,Why so many adults are realising now,2026 me adult autism diagnosis kyu badh raha hai? 3 reasons.,#autism #autismadults #latediagnosis #adultautism #neurodivergent,Save.,8–10 slides,7–9 PM IST,Planned,Late-recognised audience - highest-save pillar. 9 slides ideal.
10,Sibling & Family Impact,,Sat,Instagram,Reel,P1,Imitation milestones - what to watch,Imitation ek aisi cheez hai jo autism me sabse pehle delay hoti hai.,#autism #autismindia #earlysigns #autismparents #ludhiana,Save. Send to a parent of a 1-year-old.,15–30 sec,11 AM – 1 PM IST,Planned,Lighter / shareable. Repurpose as YT Short Sun.
10,Sibling & Family Impact,,Sat,YouTube,Long-form,P5,Siblings of Autistic Children - How to Support All of Them,Bhai-behen ka rishta autism ke saath. Real strategies.,-,Subscribe + save the playlist,6–12 min,Anytime,Planned,Anchor for Week 10.
10,Sibling & Family Impact,,Sun,Instagram,Reel,-,Week 10 Q&A - DM se aaye sabse common 3 sawaal,3 sawaal jo is hafte DM me sabse zyada aaye. Yahan jawaab.,#autism #autismindia #autismparents #qna #ludhiana,DM apna sawaal next week ke video ke liye.,30–45 sec,Afternoon,Planned,Conversational. Builds DM loop.
10,Sibling & Family Impact,,Mon+1,YouTube,Short,P1,(Repurpose) Imitation milestones - what to watch,Imitation ek aisi cheez hai jo autism me sabse pehle delay hoti hai.,#autism #autismindia #shorts #autismawareness,Full video pinned. Subscribe.,15–35 sec,Anytime,Planned,Repurposed from Mon Reel. Loop ending into opening for replay boost.
10,Sibling & Family Impact,,Wed+1,YouTube,Short,P3,(Repurpose) Joint family pressure,"Dadi-Nani kehti hain ""kuch nahi hai bachhe me"" - yahan kya boliye.",#autism #autismindia #shorts #autismawareness,Full video pinned. Subscribe.,15–35 sec,Anytime,Planned,Repurposed from Wed Reel. Loop ending into opening for replay boost.
10,Sibling & Family Impact,,Sat+1,YouTube,Short,P1,(Repurpose) Imitation milestones - what to watch,Imitation ek aisi cheez hai jo autism me sabse pehle delay hoti hai.,#autism #autismindia #shorts #autismawareness,Full video pinned. Subscribe.,15–35 sec,Anytime,Planned,Repurposed from Sat Reel. Loop ending into opening for replay boost.
11,Masking & Burnout,,Mon,Instagram,Reel,P1,"""Look at the airplane"" test","""Dekho, airplane!"" - ye ek mini test hai jo har parent ghar par kar sakta hai.",#autism #autismindia #earlysigns #autismparents #ludhiana,Save. Share with a friend.,15–30 sec,8–10 AM IST,Planned,"Voiceover in Hindi, captions in English. Repurpose as YT Short Tue."
11,Masking & Burnout,,Tue,Instagram,Carousel,P2,Music therapy - science vs hype,"Music therapy - evidence kya kehti hai, hype kya hai.",#autism #autismindia #musictherapy #autismtherapy #ludhiana,Save.,8–10 slides,7–9 PM IST,Planned,"Decision-tree style. Slide 1 = hook, slide 9 = CTA."
11,Masking & Burnout,,Wed,Instagram,Reel,P3,Self-injurious behaviour - first response,"Bachha apne aap ko mar raha hai - kya karein, kya nahi.",#autism #autismindia #autismparents #sib #ludhiana,"Save. DM ""SIB"" for the clinical guide.",15–30 sec,8–10 AM IST,Planned,Pattern-interrupt opener. Repurpose as YT Short Thu.
11,Masking & Burnout,,Thu,Instagram,Reel,P5,Telehealth for autism - works?,"Telehealth therapy - kab kaam karta hai, kab nahi.",#autism #autismindia #telehealth #autismtherapy #ludhiana,Save.,15–30 sec,7–9 PM IST,Planned,Practical/pathway content. Strong save signal.
11,Masking & Burnout,,Fri,Instagram,Carousel,P4,Relationships and autism,Autistic adults aur rishte - communication ka asli kaam yahan hai.,#autism #autismadults #relationships #adultautism #audhd,Save.,8–10 slides,7–9 PM IST,Planned,Late-recognised audience - highest-save pillar. 9 slides ideal.
11,Masking & Burnout,,Sat,Instagram,Reel,P3,Self-injurious behaviour - first response,"Bachha apne aap ko mar raha hai - kya karein, kya nahi.",#autism #autismindia #autismparents #sib #ludhiana,"Save. DM ""SIB"" for the clinical guide.",15–30 sec,11 AM – 1 PM IST,Planned,Lighter / shareable. Repurpose as YT Short Sun.
11,Masking & Burnout,,Sat,YouTube,Long-form,P4,Masking and Burnout - Why Autistic Adults Hide,Masking ka cost. Burnout kaise pehchaane.,-,Subscribe + save the playlist,6–12 min,Anytime,Planned,Anchor for Week 11.
11,Masking & Burnout,,Sun,Instagram,Reel,-,Week 11 Q&A - DM se aaye sabse common 3 sawaal,3 sawaal jo is hafte DM me sabse zyada aaye. Yahan jawaab.,#autism #autismindia #autismparents #qna #ludhiana,DM apna sawaal next week ke video ke liye.,30–45 sec,Afternoon,Planned,Conversational. Builds DM loop.
11,Masking & Burnout,,Mon+1,YouTube,Short,P1,"(Repurpose) ""Look at the airplane"" test","""Dekho, airplane!"" - ye ek mini test hai jo har parent ghar par kar sakta hai.",#autism #autismindia #shorts #autismawareness,Full video pinned. Subscribe.,15–35 sec,Anytime,Planned,Repurposed from Mon Reel. Loop ending into opening for replay boost.
11,Masking & Burnout,,Wed+1,YouTube,Short,P3,(Repurpose) Self-injurious behaviour - first response,"Bachha apne aap ko mar raha hai - kya karein, kya nahi.",#autism #autismindia #shorts #autismawareness,Full video pinned. Subscribe.,15–35 sec,Anytime,Planned,Repurposed from Wed Reel. Loop ending into opening for replay boost.
11,Masking & Burnout,,Sat+1,YouTube,Short,P3,(Repurpose) Self-injurious behaviour - first response,"Bachha apne aap ko mar raha hai - kya karein, kya nahi.",#autism #autismindia #shorts #autismawareness,Full video pinned. Subscribe.,15–35 sec,Anytime,Planned,Repurposed from Sat Reel. Loop ending into opening for replay boost.
12,What Now - 90-Day Recap & Forward,,Mon,Instagram,Reel,P1,Social smiling - when it should be there,6–8 weeks me bachha smile karta hai? Nahin to dekhein.,#autism #autismindia #earlysigns #autismparents #ludhiana,Save.,15–30 sec,8–10 AM IST,Planned,"Voiceover in Hindi, captions in English. Repurpose as YT Short Tue."
12,What Now - 90-Day Recap & Forward,,Tue,Instagram,Carousel,P2,Therapy at home vs at a centre,Therapy ghar par karwayein ya centre me? Honest comparison.,#autism #autismindia #autismtherapy #autismparents #ludhiana,Save.,8–10 slides,7–9 PM IST,Planned,"Decision-tree style. Slide 1 = hook, slide 9 = CTA."
12,What Now - 90-Day Recap & Forward,,Wed,Instagram,Reel,P3,Crowd anxiety at school assembly,School ki morning assembly - autistic bachhe ke liye kyu mushkil hai.,#autism #autismindia #school #autismparents #ludhiana,Save.,15–30 sec,8–10 AM IST,Planned,Pattern-interrupt opener. Repurpose as YT Short Thu.
12,What Now - 90-Day Recap & Forward,,Thu,Instagram,Reel,P5,Parent training programmes,Parent training programmes - bachhe se zyada effective ho sakte hain.,#autism #autismindia #autismparents #parenttraining #ludhiana,Save.,15–30 sec,7–9 PM IST,Planned,Practical/pathway content. Strong save signal.
12,What Now - 90-Day Recap & Forward,,Fri,Instagram,Carousel,P4,Career and autism - strengths to lean on,Autistic strengths jo career me kaam aate hain - 5 examples.,#autism #autismadults #career #adultautism #neurodivergent,Save.,8–10 slides,7–9 PM IST,Planned,Late-recognised audience - highest-save pillar. 9 slides ideal.
12,What Now - 90-Day Recap & Forward,,Sat,Instagram,Reel,P1,Social smiling - when it should be there,6–8 weeks me bachha smile karta hai? Nahin to dekhein.,#autism #autismindia #earlysigns #autismparents #ludhiana,Save.,15–30 sec,11 AM – 1 PM IST,Planned,Lighter / shareable. Repurpose as YT Short Sun.
12,What Now - 90-Day Recap & Forward,,Sat,YouTube,Long-form,P5,Your First 90 Days After an Autism Diagnosis - A Roadmap,"Diagnosis ke baad 90 din - exactly kya karein, kis order me.",-,Subscribe + save the playlist,6–12 min,Anytime,Planned,Anchor for Week 12. Recap of the quarter's themes.
12,What Now - 90-Day Recap & Forward,,Sun,Instagram,Reel,-,Week 12 Q&A - DM se aaye sabse common 3 sawaal,3 sawaal jo is hafte DM me sabse zyada aaye. Yahan jawaab.,#autism #autismindia #autismparents #qna #ludhiana,DM apna sawaal next week ke video ke liye.,30–45 sec,Afternoon,Planned,Conversational. Builds DM loop.
12,What Now - 90-Day Recap & Forward,,Mon+1,YouTube,Short,P1,(Repurpose) Social smiling - when it should be there,6–8 weeks me bachha smile karta hai? Nahin to dekhein.,#autism #autismindia #shorts #autismawareness,Full video pinned. Subscribe.,15–35 sec,Anytime,Planned,Repurposed from Mon Reel. Loop ending into opening for replay boost.
12,What Now - 90-Day Recap & Forward,,Wed+1,YouTube,Short,P3,(Repurpose) Crowd anxiety at school assembly,School ki morning assembly - autistic bachhe ke liye kyu mushkil hai.,#autism #autismindia #shorts #autismawareness,Full video pinned. Subscribe.,15–35 sec,Anytime,Planned,Repurposed from Wed Reel. Loop ending into opening for replay boost.
12,What Now - 90-Day Recap & Forward,,Sat+1,YouTube,Short,P1,(Repurpose) Social smiling - when it should be there,6–8 weeks me bachha smile karta hai? Nahin to dekhein.,#autism #autismindia #shorts #autismawareness,Full video pinned. Subscribe.,15–35 sec,Anytime,Planned,Repurposed from Sat Reel. Loop ending into opening for replay boost.