Date,Week,Day,Platform,Format,Content ID,Pillar,Series,Topic,Exact Hook,Speaker,Centre,City,Language,Goal,Funnel Stage,Duration,Primary CTA,Secondary CTA,Required Shots,B-Roll,Collaboration,Organic Test,Paid Eligible,Repurpose Source,Status,Notes
Day 1 (Mon),Week 1,Monday,"Instagram, YouTube, Facebook",Reel / Short,AA-SH-001,P1: Dr. Atul Explains,AA | Dr. Atul Explains,Speech Delay vs Autism: 3 Critical Observations,"Agar aapka 2 saal ka bachha bol nahi raha, toh ye 3 baatein check karein.",Dr. Atul Madaan,Delhi EOK,Delhi,Hindi/Hinglish,High non-follower discovery & early-stage parent reassurance,Top of Funnel (Discovery),32 sec,Save this guide and DM 'OBSERVE' for our toddler milestone checklist.,Share with a parent who needs calm clarity.,Close-up eye contact talking head + 3-second pattern interrupt graphic.,Therapist pointing to flashcards + toddler smiling at bubbles (no child face).,None (Solo anchor),Yes (0-24h share tracking),Yes (Eligible if shares/reach > 3.5%),Original Batch Filming (Dr. Atul Batch 1),Ready to Script,Anchor Reel for Week 1. High share potential to family WhatsApp groups.
Day 2 (Tue),Week 1,Tuesday,"Instagram, Facebook",Carousel,AA-CAR-001,P8: Parent Training Program,AA | Pathway Guide,The First 30 Days After an Autism Diagnosis: A Step-by-Step Roadmap,Diagnosis mil gaya. Ab agle 30 din me sabse pehle kya karna hai?,Clinical Team,Delhi EOK,Delhi,English / Hinglish,Save rate maximization & reducing post-diagnosis panic,Mid Funnel (Trust & Pathway),8 Slides,Save this post for reference when speaking with doctors.,DM 'ROADMAP' for the printable PDF.,Slide 1 high-contrast typography hook + step-by-step decision tree slides.,Slide graphics showing multidisciplinary therapy alignment.,Tagging local parent support groups,Yes (Save tracking),Yes (Carousel engagement ad),New graphic asset,Ready to Design,Targeting 8%+ save-to-reach ratio.
Day 3 (Wed),Week 1,Wednesday,"Instagram, YouTube, Facebook",Reel / Short,AA-SH-002,P2: Parent Asked. Therapist Shows.,AA | Therapist Shows,Eye Contact Through Bubbles: The Joint Attention Hack,Bachha eye contact force karne se nahi seekhta. Soap bubbles se aise sikhayein.,Senior Speech Therapist,Faridabad,Faridabad,Hinglish,Demonstration of practical therapy technique in home context,Top to Mid Funnel,28 sec,Try this tonight and comment below how your child responded!,Share with a parent of an 18-month-old.,Therapist holding bubble wand near eye level + close-up of therapist expressions.,Hands blowing bubbles in slow motion + pointing gesture.,None,Yes,Yes (High organic viral candidate),Faridabad Centre Batch 1,Ready to Script,Demonstrates why 'Parents are the real therapists'.
Day 4 (Thu),Week 1,Thursday,"Instagram, YouTube, Facebook",Reel / Short,AA-SH-003,P7: Myth vs Reality,AA | Myth vs Reality,"Myth: 'Boys Speak Late, Don't Worry'",'Ladke toh der se hi bolte hain' — ye ek advice hazaron bachhon ka golden time waste karti hai.,Dr. Atul Madaan,Delhi EOK,Delhi,Hindi,Cultural pattern interrupt & addressing grandparent myths,Top of Funnel (Viral Reach),35 sec,Share this video with family elders who need to hear the scientific reality.,Save for clinical reference.,"Firm, empathetic close-up of Dr. Atul + split red/green graphic.",Doctor reviewing developmental milestone chart.,None,Yes,Yes (Strong cold reach awareness asset),Dr. Atul Batch 1,Ready to Script,Generates strong comment debates; massive shares.
Day 5 (Fri),Week 1,Friday,"Instagram, YouTube, Facebook",Reel / Short,AA-SH-004,P4: What Is The Therapist Actually Doing?,AA | What Therapist Does,The Sensory Swing: Vestibular Science Decoded,Aapko lag raha hai therapist bachhe ko swing par jhula raha hai? Asal me ye 3 sensory skills build ho rahi hain.,Senior Occupational Therapist,Delhi EOK,Delhi,Hinglish,Demystifying sensory integration & showcasing physical sensory gym,Mid Funnel (Consideration),34 sec,What therapy activity looks like play to you? Comment and we'll explain it!,Follow Autism Alliance for clinical transparency.,Therapist demonstrating platform swing + voiceover explaining vestibular regulation.,Wide shot of East of Kailash sensory gym and soft crash mats.,None,Yes,Yes,Delhi EOK Shoot 1,Ready to Script,Highlights the world-class infrastructure of East of Kailash centre.
Day 6 (Sat),Week 1,Saturday,YouTube (Long-Form) + IG/FB Cut,YouTube Long-Form (10 min) + Promo Reel,AA-YT-001,P1: Dr. Atul Explains,Dr. Atul Masterclass,Speech Delay vs Autism: The Complete Parent Decision Guide,YT: 'Speech Delay or Autism? 4 Questions Every Parent Must Ask' | Reel: 'Khel khel me pata karein speech delay hai ya autism.',Dr. Atul Madaan,Delhi EOK,Delhi,Hindi/Hinglish,Evergreen search capture & deep trust building,Mid to Deep Trust,10:45 min,Subscribe to our YouTube channel and download the free assessment rubric linked in description.,Call our clinic helpline for an in-person evaluation.,Multi-camera studio setup + on-screen chapter slides.,Therapist demonstration cutaways matching Dr. Atul's spoken points.,None,Yes,Yes (YouTube In-Feed Search Ad),Master YouTube Shoot 1,Ready to Script,Acts as the anchor content from which 4 Shorts are extracted.
Day 7 (Sun),Week 1,Sunday,"Instagram, Facebook, Stories",Reel + Weekly Story Q&A,AA-SH-005,P10: Parent Questions & Q&A,AA | Sunday Parent Q&A,DM Q&A: 'My Child Does Not Respond When Called by Name',"Is hafte DMs me 42 parents ne ek hi sawaal pucha: 'Bachha apna naam sun kar nahi mudta, kya ye autism hai?'",Dr. Atul Madaan,Delhi EOK,Delhi,Hinglish,"Community engagement, social proof, and question box submission loop",Retention & Trust,40 sec,Drop your question in today's Story box for next Sunday's episode!,DM us directly for local clinic consultation slots.,Casual handheld or desk setting with Dr. Atul reviewing questions on tablet.,Screenshot overlays of anonymous parent questions.,None,Yes,No (Organic community builder),Dr. Atul Batch 1,Ready to Script,Creates an interactive weekly appointment for parents.
Day 8 (Mon),Week 2,Monday,"Instagram, YouTube, Facebook",Reel / Short,AA-PUB-008,P3: 30 Seconds For Parents,AA | Therapist Shows,Meltdown vs Tantrum: The Physical Difference,Bachha zameen par let kar ro raha hai? Tantrum aur sensory meltdown me zameen aasmaan ka farak hai.,Senior Occupational Therapist,Faridabad,Faridabad,Hindi/Hinglish,"Reach, Education & Local Trust",Discovery to Conversion,30 sec,Save this post and DM 'CONNECT' to speak with our clinical intake team.,"Visit Autism Alliance in East of Kailash, Faridabad, or Ludhiana.",Close-up eye contact + therapist hands-on demo.,Authentic activity B-roll filmed at Autism Alliance Faridabad.,Local NCR parenting page / school partner where applicable,Yes (Track 24h metrics),Yes (If shares/reach > 3.0%),Faridabad Batch Filming,Planned,Scheduled for Week 2 execution.
Day 9 (Tue),Week 2,Tuesday,"Instagram, Facebook",Carousel,AA-PUB-009,P8: Parent Training Program,AA | Dr. Atul Explains,"How to Choose Between ABA, OT and Speech Therapy","Aapka bachha diagnosis ke baad kahan jaye? ABA, OT ya Speech? Ye decision chart dekhein.",Autism Alliance Clinical Team,Delhi EOK,Delhi,Hindi/Hinglish,"Reach, Education & Local Trust",Discovery to Conversion,8 Slides Carousel,Save this post and DM 'CONNECT' to speak with our clinical intake team.,"Visit Autism Alliance in East of Kailash, Faridabad, or Ludhiana.",Close-up eye contact + therapist hands-on demo.,Authentic activity B-roll filmed at Autism Alliance Delhi EOK.,Local NCR parenting page / school partner where applicable,Yes (Track 24h metrics),Yes (If shares/reach > 3.0%),Delhi EOK Batch Filming,Planned,Scheduled for Week 2 execution.
Day 10 (Wed),Week 2,Wednesday,"Instagram, YouTube, Facebook",Reel / Short,AA-PUB-010,P1: Dr. Atul Explains,AA | 30 Sec Parents,Stimming: Why You Must Never Force a Child to Stop,Stimming ko zabardasti rokna bachhe ke nervous system ko hurt kar sakta hai. Yahan samajhiye kyun.,Dr. Atul Madaan,Ludhiana,Ludhiana,Hindi/Hinglish,"Reach, Education & Local Trust",Discovery to Conversion,35 sec,Save this post and DM 'CONNECT' to speak with our clinical intake team.,"Visit Autism Alliance in East of Kailash, Faridabad, or Ludhiana.",Close-up eye contact + therapist hands-on demo.,Authentic activity B-roll filmed at Autism Alliance Ludhiana.,Local NCR parenting page / school partner where applicable,Yes (Track 24h metrics),Yes (If shares/reach > 3.0%),Ludhiana Batch Filming,Planned,Scheduled for Week 2 execution.
Day 11 (Thu),Week 2,Thursday,"Instagram, YouTube, Facebook",Reel / Short,AA-PUB-011,P9: Autism Alliance NCR,AA | NCR Hub,Inside Autism Alliance Faridabad: Sector 15A Tour,Inside Crown Plaza Mall Sector 15A: Dekhiye Autism Alliance Faridabad centre andar se kaisa dikhta hai.,Centre Lead Faridabad,Faridabad,Faridabad,Hindi/Hinglish,"Reach, Education & Local Trust",Discovery to Conversion,32 sec,Save this post and DM 'CONNECT' to speak with our clinical intake team.,"Visit Autism Alliance in East of Kailash, Faridabad, or Ludhiana.",Close-up eye contact + therapist hands-on demo.,Authentic activity B-roll filmed at Autism Alliance Faridabad.,Local NCR parenting page / school partner where applicable,Yes (Track 24h metrics),Yes (If shares/reach > 3.0%),Faridabad Batch Filming,Planned,Scheduled for Week 2 execution.
Day 12 (Fri),Week 2,Friday,"Instagram, YouTube, Facebook",Reel / Short,AA-PUB-012,P2: Parent Asked. Therapist Shows.,AA | One Activity,Speech Therapy Without Words: How PECS Cards Work,"Agar bachha bolta nahi hai, toh apni baat kaise kahe? Picture Exchange Communication dekhiye.",Special Educator & OT,Delhi EOK,Delhi,Hindi/Hinglish,"Reach, Education & Local Trust",Discovery to Conversion,28 sec,Save this post and DM 'CONNECT' to speak with our clinical intake team.,"Visit Autism Alliance in East of Kailash, Faridabad, or Ludhiana.",Close-up eye contact + therapist hands-on demo.,Authentic activity B-roll filmed at Autism Alliance Delhi EOK.,Local NCR parenting page / school partner where applicable,Yes (Track 24h metrics),Yes (If shares/reach > 3.0%),Delhi EOK Batch Filming,Planned,Scheduled for Week 2 execution.
Day 13 (Sat),Week 2,Saturday,YouTube (Long-Form) + IG/FB Cut,YouTube Long-Form + Promo Reel,AA-PUB-013,P1: Dr. Atul Explains,AA | Inside Centre,YT Masterclass 2: Understanding ABA & Behavior Support in India,YT: 'What Is ABA Therapy? Clinical Reality vs Internet Myths' | 12 Min Deep Dive.,Dr. Atul Madaan,Delhi EOK,Delhi,Hindi/Hinglish,"Reach, Education & Local Trust",Discovery to Conversion,11:30 min,Save this post and DM 'CONNECT' to speak with our clinical intake team.,"Visit Autism Alliance in East of Kailash, Faridabad, or Ludhiana.",Close-up eye contact + therapist hands-on demo.,Authentic activity B-roll filmed at Autism Alliance Delhi EOK.,Local NCR parenting page / school partner where applicable,Yes (Track 24h metrics),Yes (If shares/reach > 3.0%),Delhi EOK Batch Filming,Planned,Scheduled for Week 2 execution.
Day 14 (Sun),Week 2,Sunday,"Instagram, YouTube, Facebook",Reel / Short,AA-PUB-014,P10: Parent Questions & Q&A,AA | Sunday Q&A,Sunday Q&A: 'Does Screen Time Actually Cause Autism?',Sabse controversial sawaal: Kya mobile phone screen time se autism ho sakta hai? Dr. Atul clarifies.,Dr. Atul Madaan,Delhi EOK,Delhi,Hindi/Hinglish,"Reach, Education & Local Trust",Discovery to Conversion,42 sec,Save this post and DM 'CONNECT' to speak with our clinical intake team.,"Visit Autism Alliance in East of Kailash, Faridabad, or Ludhiana.",Close-up eye contact + therapist hands-on demo.,Authentic activity B-roll filmed at Autism Alliance Delhi EOK.,Local NCR parenting page / school partner where applicable,Yes (Track 24h metrics),Yes (If shares/reach > 3.0%),Delhi EOK Batch Filming,Planned,Scheduled for Week 2 execution.
Day 15 (Mon),Week 3,Monday,"Instagram, YouTube, Facebook",Reel / Short,AA-PUB-015,P9: Autism Alliance NCR,AA | Therapist Shows,Sensory Overload in a South Delhi Mall,Market ya mall me bachha achanak kaan band karke chillane lage? Sensory overload ka 3-step solution.,Senior Occupational Therapist,Faridabad,Faridabad,Hindi/Hinglish,"Reach, Education & Local Trust",Discovery to Conversion,33 sec,Save this post and DM 'CONNECT' to speak with our clinical intake team.,"Visit Autism Alliance in East of Kailash, Faridabad, or Ludhiana.",Close-up eye contact + therapist hands-on demo.,Authentic activity B-roll filmed at Autism Alliance Faridabad.,Local NCR parenting page / school partner where applicable,Yes (Track 24h metrics),Yes (If shares/reach > 3.0%),Faridabad Batch Filming,Planned,Scheduled for Week 3 execution.
Day 16 (Tue),Week 3,Tuesday,"Instagram, Facebook",Carousel,AA-PUB-016,P1: Dr. Atul Explains,AA | Dr. Atul Explains,The 18-Month Red Flags Checklist Every Indian Parent Needs,18 mahine pe ye 5 cheezein dekhna zaroori hai. Save this before your next pediatrician visit.,Autism Alliance Clinical Team,Delhi EOK,Delhi,Hindi/Hinglish,"Reach, Education & Local Trust",Discovery to Conversion,9 Slides Carousel,Save this post and DM 'CONNECT' to speak with our clinical intake team.,"Visit Autism Alliance in East of Kailash, Faridabad, or Ludhiana.",Close-up eye contact + therapist hands-on demo.,Authentic activity B-roll filmed at Autism Alliance Delhi EOK.,Local NCR parenting page / school partner where applicable,Yes (Track 24h metrics),Yes (If shares/reach > 3.0%),Delhi EOK Batch Filming,Planned,Scheduled for Week 3 execution.
Day 17 (Wed),Week 3,Wednesday,"Instagram, YouTube, Facebook",Reel / Short,AA-PUB-017,P2: Parent Asked. Therapist Shows.,AA | 30 Sec Parents,Teaching Spoon Feeding: An OT Sensory Breakdown,Bachha spoon pakadne se mana karta hai ya messy eater hai? OT therapist explains tactile sensitivity.,Speech Therapist,Ludhiana,Ludhiana,Hindi/Hinglish,"Reach, Education & Local Trust",Discovery to Conversion,30 sec,Save this post and DM 'CONNECT' to speak with our clinical intake team.,"Visit Autism Alliance in East of Kailash, Faridabad, or Ludhiana.",Close-up eye contact + therapist hands-on demo.,Authentic activity B-roll filmed at Autism Alliance Ludhiana.,Local NCR parenting page / school partner where applicable,Yes (Track 24h metrics),Yes (If shares/reach > 3.0%),Ludhiana Batch Filming,Planned,Scheduled for Week 3 execution.
Day 18 (Thu),Week 3,Thursday,"Instagram, YouTube, Facebook",Reel / Short,AA-PUB-018,P1: Dr. Atul Explains,AA | NCR Hub,Name Response Milestone: When to Act,9 se 12 mahine me naam sun kar mudna natural hai. Agar 18 mahine tak nahi mude toh wait mat karein.,Dr. Atul Madaan,Faridabad,Faridabad,Hindi/Hinglish,"Reach, Education & Local Trust",Discovery to Conversion,34 sec,Save this post and DM 'CONNECT' to speak with our clinical intake team.,"Visit Autism Alliance in East of Kailash, Faridabad, or Ludhiana.",Close-up eye contact + therapist hands-on demo.,Authentic activity B-roll filmed at Autism Alliance Faridabad.,Local NCR parenting page / school partner where applicable,Yes (Track 24h metrics),Yes (If shares/reach > 3.0%),Faridabad Batch Filming,Planned,Scheduled for Week 3 execution.
Day 19 (Fri),Week 3,Friday,"Instagram, YouTube, Facebook",Reel / Short,AA-PUB-019,P5: One Activity. Many Skills.,AA | One Activity,"One Sensory Bin, 4 Developmental Skills","Ek daal aur chawal ke bowl se 4 skills: Pincer grasp, tactile desensitization, vocabulary, aur focus.",Special Educator & OT,Delhi EOK,Delhi,Hindi/Hinglish,"Reach, Education & Local Trust",Discovery to Conversion,29 sec,Save this post and DM 'CONNECT' to speak with our clinical intake team.,"Visit Autism Alliance in East of Kailash, Faridabad, or Ludhiana.",Close-up eye contact + therapist hands-on demo.,Authentic activity B-roll filmed at Autism Alliance Delhi EOK.,Local NCR parenting page / school partner where applicable,Yes (Track 24h metrics),Yes (If shares/reach > 3.0%),Delhi EOK Batch Filming,Planned,Scheduled for Week 3 execution.
Day 20 (Sat),Week 3,Saturday,YouTube (Long-Form) + IG/FB Cut,YouTube Long-Form + Promo Reel,AA-PUB-020,P1: Dr. Atul Explains,AA | Inside Centre,YT Masterclass 3: Sensory Processing Disorder vs Autism,YT: 'Sensory Processing Issues or Autism? How to Spot the Difference' with Full Demonstrations.,Dr. Atul Madaan,Delhi EOK,Delhi,Hindi/Hinglish,"Reach, Education & Local Trust",Discovery to Conversion,12:15 min,Save this post and DM 'CONNECT' to speak with our clinical intake team.,"Visit Autism Alliance in East of Kailash, Faridabad, or Ludhiana.",Close-up eye contact + therapist hands-on demo.,Authentic activity B-roll filmed at Autism Alliance Delhi EOK.,Local NCR parenting page / school partner where applicable,Yes (Track 24h metrics),Yes (If shares/reach > 3.0%),Delhi EOK Batch Filming,Planned,Scheduled for Week 3 execution.
Day 21 (Sun),Week 3,Sunday,"Instagram, YouTube, Facebook",Reel / Short,AA-PUB-021,P10: Parent Questions & Q&A,AA | Sunday Q&A,Sunday Q&A: 'Can Autism Be Cured With Supplements or Diet?',DMs me supplements aur miracle diets ke baare me pucha gaya. Yahan clinical scientific truth.,Dr. Atul Madaan,Delhi EOK,Delhi,Hindi/Hinglish,"Reach, Education & Local Trust",Discovery to Conversion,40 sec,Save this post and DM 'CONNECT' to speak with our clinical intake team.,"Visit Autism Alliance in East of Kailash, Faridabad, or Ludhiana.",Close-up eye contact + therapist hands-on demo.,Authentic activity B-roll filmed at Autism Alliance Delhi EOK.,Local NCR parenting page / school partner where applicable,Yes (Track 24h metrics),Yes (If shares/reach > 3.0%),Delhi EOK Batch Filming,Planned,Scheduled for Week 3 execution.
Day 22 (Mon),Week 4,Monday,"Instagram, YouTube, Facebook",Reel / Short,AA-PUB-022,P8: Parent Training Program,AA | Therapist Shows,School Readiness: Will a Regular School Admit My Child?,Autism Alliance Special Educator explains: RTE Act aur inclusive education me aapke bachhe ke rights.,Senior Occupational Therapist,Faridabad,Faridabad,Hindi/Hinglish,"Reach, Education & Local Trust",Discovery to Conversion,36 sec,Save this post and DM 'CONNECT' to speak with our clinical intake team.,"Visit Autism Alliance in East of Kailash, Faridabad, or Ludhiana.",Close-up eye contact + therapist hands-on demo.,Authentic activity B-roll filmed at Autism Alliance Faridabad.,Local NCR parenting page / school partner where applicable,Yes (Track 24h metrics),Yes (If shares/reach > 3.0%),Faridabad Batch Filming,Planned,Scheduled for Week 4 execution.
Day 23 (Tue),Week 4,Tuesday,"Instagram, YouTube, Facebook",Reel / Short,AA-PUB-023,P1: Dr. Atul Explains,AA | Dr. Atul Explains,Toe Walking in Toddlers: Sensory Seeking or Muscle Tightness?,Aapka bachha panjon ke bal chalta hai? Toe walking ke 2 clinical reasons jo parents ko pata hone chahiye.,Dr. Atul Madaan,Delhi EOK,Delhi,Hindi/Hinglish,"Reach, Education & Local Trust",Discovery to Conversion,31 sec,Save this post and DM 'CONNECT' to speak with our clinical intake team.,"Visit Autism Alliance in East of Kailash, Faridabad, or Ludhiana.",Close-up eye contact + therapist hands-on demo.,Authentic activity B-roll filmed at Autism Alliance Delhi EOK.,Local NCR parenting page / school partner where applicable,Yes (Track 24h metrics),Yes (If shares/reach > 3.0%),Delhi EOK Batch Filming,Planned,Scheduled for Week 4 execution.
Day 24 (Wed),Week 4,Wednesday,"Instagram, YouTube, Facebook",Reel / Short,AA-PUB-024,P2: Parent Asked. Therapist Shows.,AA | 30 Sec Parents,Deep Pressure Therapy Using Weighted Blankets & Pillows,"Proprioceptive input: Jab bachha restless ho, toh deep pressure calming effect kaise deta hai.",Speech Therapist,Ludhiana,Ludhiana,Hindi/Hinglish,"Reach, Education & Local Trust",Discovery to Conversion,27 sec,Save this post and DM 'CONNECT' to speak with our clinical intake team.,"Visit Autism Alliance in East of Kailash, Faridabad, or Ludhiana.",Close-up eye contact + therapist hands-on demo.,Authentic activity B-roll filmed at Autism Alliance Ludhiana.,Local NCR parenting page / school partner where applicable,Yes (Track 24h metrics),Yes (If shares/reach > 3.0%),Ludhiana Batch Filming,Planned,Scheduled for Week 4 execution.
Day 25 (Thu),Week 4,Thursday,"Instagram, YouTube, Facebook",Reel / Short,AA-PUB-025,P9: Autism Alliance NCR,AA | NCR Hub,Autism Alliance East of Kailash: Inside Our Therapy Rooms,"East of Kailash Main Road par hamara centre: Sensory gym, individual speech cabins, aur parent lounge.",Centre Lead Faridabad,Faridabad,Faridabad,Hindi/Hinglish,"Reach, Education & Local Trust",Discovery to Conversion,33 sec,Save this post and DM 'CONNECT' to speak with our clinical intake team.,"Visit Autism Alliance in East of Kailash, Faridabad, or Ludhiana.",Close-up eye contact + therapist hands-on demo.,Authentic activity B-roll filmed at Autism Alliance Faridabad.,Local NCR parenting page / school partner where applicable,Yes (Track 24h metrics),Yes (If shares/reach > 3.0%),Faridabad Batch Filming,Planned,Scheduled for Week 4 execution.
Day 26 (Fri),Week 4,Friday,"Instagram, YouTube, Facebook",Reel / Short,AA-PUB-026,P3: 30 Seconds For Parents,AA | One Activity,"Selective Eating: When It's Sensory, Not Stubbornness","Bachha sirf crunch ya white food khata hai? Ye zidd nahi, oral-sensory texture aversion hai.",Special Educator & OT,Delhi EOK,Delhi,Hindi/Hinglish,"Reach, Education & Local Trust",Discovery to Conversion,35 sec,Save this post and DM 'CONNECT' to speak with our clinical intake team.,"Visit Autism Alliance in East of Kailash, Faridabad, or Ludhiana.",Close-up eye contact + therapist hands-on demo.,Authentic activity B-roll filmed at Autism Alliance Delhi EOK.,Local NCR parenting page / school partner where applicable,Yes (Track 24h metrics),Yes (If shares/reach > 3.0%),Delhi EOK Batch Filming,Planned,Scheduled for Week 4 execution.
Day 27 (Sat),Week 4,Saturday,YouTube (Long-Form) + IG/FB Cut,YouTube Long-Form + Promo Reel,AA-PUB-027,P8: Parent Training Program,AA | Inside Centre,YT Masterclass 4: Complete Guide to RCI Disability Certificate & UDID,"YT: 'How to Apply for UDID & Autism Disability Certificate in India: Documents, Hospitals & Process'.",Dr. Atul Madaan,Delhi EOK,Delhi,Hindi/Hinglish,"Reach, Education & Local Trust",Discovery to Conversion,13:45 min,Save this post and DM 'CONNECT' to speak with our clinical intake team.,"Visit Autism Alliance in East of Kailash, Faridabad, or Ludhiana.",Close-up eye contact + therapist hands-on demo.,Authentic activity B-roll filmed at Autism Alliance Delhi EOK.,Local NCR parenting page / school partner where applicable,Yes (Track 24h metrics),Yes (If shares/reach > 3.0%),Delhi EOK Batch Filming,Planned,Scheduled for Week 4 execution.
Day 28 (Sun),Week 4,Sunday,"Instagram, YouTube, Facebook",Reel / Short,AA-PUB-028,P10: Parent Questions & Q&A,AA | Sunday Q&A,Sunday Q&A: 'How Many Months Does Speech Therapy Take?',Sach aur jhooth: Speech therapy me progress kab dikhti hai? Dr. Atul explains realistic milestones.,Dr. Atul Madaan,Delhi EOK,Delhi,Hindi/Hinglish,"Reach, Education & Local Trust",Discovery to Conversion,44 sec,Save this post and DM 'CONNECT' to speak with our clinical intake team.,"Visit Autism Alliance in East of Kailash, Faridabad, or Ludhiana.",Close-up eye contact + therapist hands-on demo.,Authentic activity B-roll filmed at Autism Alliance Delhi EOK.,Local NCR parenting page / school partner where applicable,Yes (Track 24h metrics),Yes (If shares/reach > 3.0%),Delhi EOK Batch Filming,Planned,Scheduled for Week 4 execution.
Day 29 (Mon),Week 5,Monday,"Instagram, YouTube, Facebook",Reel / Short,AA-PUB-029,P1: Dr. Atul Explains,AA | Therapist Shows,Collaboration Reel: Pediatrician × Dr. Atul Madaan,Pediatrician asks: 'OPD me doctor kab recommend kare ki developmental assessment karwayein?',Dr. Atul Madaan,Faridabad,Faridabad,Hindi/Hinglish,"Reach, Education & Local Trust",Discovery to Conversion,38 sec,Save this post and DM 'CONNECT' to speak with our clinical intake team.,"Visit Autism Alliance in East of Kailash, Faridabad, or Ludhiana.",Close-up eye contact + therapist hands-on demo.,Authentic activity B-roll filmed at Autism Alliance Faridabad.,Local NCR parenting page / school partner where applicable,Yes (Track 24h metrics),Yes (If shares/reach > 3.0%),Faridabad Batch Filming,Planned,Scheduled for Week 5 execution.
Day 30 (Tue),Week 5,Tuesday,"Instagram, Facebook",Carousel,AA-PUB-030,P8: Parent Training Program,AA | Dr. Atul Explains,How to Talk to Relatives About Your Child's Diagnosis,"Rishtedaar kahein 'kuch nahi hua, sab theek ho jayega'? Parents ke liye 3 calm boundary scripts.",Autism Alliance Clinical Team,Delhi EOK,Delhi,Hindi/Hinglish,"Reach, Education & Local Trust",Discovery to Conversion,7 Slides Carousel,Save this post and DM 'CONNECT' to speak with our clinical intake team.,"Visit Autism Alliance in East of Kailash, Faridabad, or Ludhiana.",Close-up eye contact + therapist hands-on demo.,Authentic activity B-roll filmed at Autism Alliance Delhi EOK.,Local NCR parenting page / school partner where applicable,Yes (Track 24h metrics),Yes (If shares/reach > 3.0%),Delhi EOK Batch Filming,Planned,Scheduled for Week 5 execution.
Day 31 (Wed),Week 5,Wednesday,"Instagram, YouTube, Facebook",Reel / Short,AA-PUB-031,P2: Parent Asked. Therapist Shows.,AA | 30 Sec Parents,Fine Motor Pincer Grasp Activities at Home,Writing aur pencil grip ke liye pehle ye pegboard aur clothespin activities zaroori hain.,Speech Therapist,Ludhiana,Ludhiana,Hindi/Hinglish,"Reach, Education & Local Trust",Discovery to Conversion,30 sec,Save this post and DM 'CONNECT' to speak with our clinical intake team.,"Visit Autism Alliance in East of Kailash, Faridabad, or Ludhiana.",Close-up eye contact + therapist hands-on demo.,Authentic activity B-roll filmed at Autism Alliance Ludhiana.,Local NCR parenting page / school partner where applicable,Yes (Track 24h metrics),Yes (If shares/reach > 3.0%),Ludhiana Batch Filming,Planned,Scheduled for Week 5 execution.
Day 32 (Thu),Week 5,Thursday,"Instagram, YouTube, Facebook",Reel / Short,AA-PUB-032,P1: Dr. Atul Explains,AA | NCR Hub,Echolalia: When Your Child Repeats Words Back,Bachha sawaal ka jawaab dene ke badle sawaal hi repeat karta hai? Echolalia communication ka pehla step hai.,Dr. Atul Madaan,Faridabad,Faridabad,Hindi/Hinglish,"Reach, Education & Local Trust",Discovery to Conversion,34 sec,Save this post and DM 'CONNECT' to speak with our clinical intake team.,"Visit Autism Alliance in East of Kailash, Faridabad, or Ludhiana.",Close-up eye contact + therapist hands-on demo.,Authentic activity B-roll filmed at Autism Alliance Faridabad.,Local NCR parenting page / school partner where applicable,Yes (Track 24h metrics),Yes (If shares/reach > 3.0%),Faridabad Batch Filming,Planned,Scheduled for Week 5 execution.
Day 33 (Fri),Week 5,Friday,"Instagram, YouTube, Facebook",Reel / Short,AA-PUB-033,P6: Inside Autism Alliance,AA | One Activity,Ludhiana Centre Spotlight: Green Field Kochar Market Hub,Ludhiana ke dil me: Dr. Atul Madaan ke guidance me chalta hamara established clinical therapy hub.,Special Educator & OT,Delhi EOK,Delhi,Hindi/Hinglish,"Reach, Education & Local Trust",Discovery to Conversion,30 sec,Save this post and DM 'CONNECT' to speak with our clinical intake team.,"Visit Autism Alliance in East of Kailash, Faridabad, or Ludhiana.",Close-up eye contact + therapist hands-on demo.,Authentic activity B-roll filmed at Autism Alliance Delhi EOK.,Local NCR parenting page / school partner where applicable,Yes (Track 24h metrics),Yes (If shares/reach > 3.0%),Delhi EOK Batch Filming,Planned,Scheduled for Week 5 execution.
Day 34 (Sat),Week 5,Saturday,YouTube (Long-Form) + IG/FB Cut,YouTube Long-Form + Promo Reel,AA-PUB-034,P1: Dr. Atul Explains,AA | Inside Centre,"YT Masterclass 5: Echolalia, Non-Verbal Autism & Communication Pathways",YT: 'From Repeating Words to Meaningful Speech: The Echolalia Guide for Parents'.,Dr. Atul Madaan,Delhi EOK,Delhi,Hindi/Hinglish,"Reach, Education & Local Trust",Discovery to Conversion,11:20 min,Save this post and DM 'CONNECT' to speak with our clinical intake team.,"Visit Autism Alliance in East of Kailash, Faridabad, or Ludhiana.",Close-up eye contact + therapist hands-on demo.,Authentic activity B-roll filmed at Autism Alliance Delhi EOK.,Local NCR parenting page / school partner where applicable,Yes (Track 24h metrics),Yes (If shares/reach > 3.0%),Delhi EOK Batch Filming,Planned,Scheduled for Week 5 execution.
Day 35 (Sun),Week 5,Sunday,"Instagram, YouTube, Facebook",Reel / Short,AA-PUB-035,P10: Parent Questions & Q&A,AA | Sunday Q&A,Sunday Q&A: 'My Child Hates Haircuts and Nail Clipping',Tactile sensory defensiveness: Haircut aur nail cutting ke rone ko bina trauma manage kaise karein.,Dr. Atul Madaan,Delhi EOK,Delhi,Hindi/Hinglish,"Reach, Education & Local Trust",Discovery to Conversion,41 sec,Save this post and DM 'CONNECT' to speak with our clinical intake team.,"Visit Autism Alliance in East of Kailash, Faridabad, or Ludhiana.",Close-up eye contact + therapist hands-on demo.,Authentic activity B-roll filmed at Autism Alliance Delhi EOK.,Local NCR parenting page / school partner where applicable,Yes (Track 24h metrics),Yes (If shares/reach > 3.0%),Delhi EOK Batch Filming,Planned,Scheduled for Week 5 execution.
Day 36 (Mon),Week 6,Monday,"Instagram, YouTube, Facebook",Reel / Short,AA-PUB-036,P8: Parent Training Program,AA | Therapist Shows,Classroom Inclusion: 3 Things Teachers in Delhi NCR Must Know,Tagore International aur Apeejay jaise schools ke teachers ke liye: Inclusive classroom micro-adjustments.,Senior Occupational Therapist,Faridabad,Faridabad,Hindi/Hinglish,"Reach, Education & Local Trust",Discovery to Conversion,35 sec,Save this post and DM 'CONNECT' to speak with our clinical intake team.,"Visit Autism Alliance in East of Kailash, Faridabad, or Ludhiana.",Close-up eye contact + therapist hands-on demo.,Authentic activity B-roll filmed at Autism Alliance Faridabad.,Local NCR parenting page / school partner where applicable,Yes (Track 24h metrics),Yes (If shares/reach > 3.0%),Faridabad Batch Filming,Planned,Scheduled for Week 6 execution.
Day 37 (Tue),Week 6,Tuesday,"Instagram, Facebook",Carousel,AA-PUB-037,P8: Parent Training Program,AA | Dr. Atul Explains,Sensory Diet at Home: Morning to Night Visual Routine,Subah uthne se lekar raat ko sone tak: Sensory diet schedule for a regulated child.,Autism Alliance Clinical Team,Delhi EOK,Delhi,Hindi/Hinglish,"Reach, Education & Local Trust",Discovery to Conversion,9 Slides Carousel,Save this post and DM 'CONNECT' to speak with our clinical intake team.,"Visit Autism Alliance in East of Kailash, Faridabad, or Ludhiana.",Close-up eye contact + therapist hands-on demo.,Authentic activity B-roll filmed at Autism Alliance Delhi EOK.,Local NCR parenting page / school partner where applicable,Yes (Track 24h metrics),Yes (If shares/reach > 3.0%),Delhi EOK Batch Filming,Planned,Scheduled for Week 6 execution.
Day 38 (Wed),Week 6,Wednesday,"Instagram, YouTube, Facebook",Reel / Short,AA-PUB-038,P2: Parent Asked. Therapist Shows.,AA | 30 Sec Parents,Sound Sensitivity (Hyperacusis): Pressure Cooker & Mixer Phobia,Mixer ya pressure cooker ki seeti sun kar bachha kaan band karta hai? Desensitization step-by-step.,Speech Therapist,Ludhiana,Ludhiana,Hindi/Hinglish,"Reach, Education & Local Trust",Discovery to Conversion,32 sec,Save this post and DM 'CONNECT' to speak with our clinical intake team.,"Visit Autism Alliance in East of Kailash, Faridabad, or Ludhiana.",Close-up eye contact + therapist hands-on demo.,Authentic activity B-roll filmed at Autism Alliance Ludhiana.,Local NCR parenting page / school partner where applicable,Yes (Track 24h metrics),Yes (If shares/reach > 3.0%),Ludhiana Batch Filming,Planned,Scheduled for Week 6 execution.
Day 39 (Thu),Week 6,Thursday,"Instagram, YouTube, Facebook",Reel / Short,AA-PUB-039,P1: Dr. Atul Explains,AA | NCR Hub,Why Eye Contact Shouldn't Be the #1 Goal,Eye contact se pehle joint attention aur emotional connection seekhna kyun zaroori hai.,Dr. Atul Madaan,Faridabad,Faridabad,Hindi/Hinglish,"Reach, Education & Local Trust",Discovery to Conversion,33 sec,Save this post and DM 'CONNECT' to speak with our clinical intake team.,"Visit Autism Alliance in East of Kailash, Faridabad, or Ludhiana.",Close-up eye contact + therapist hands-on demo.,Authentic activity B-roll filmed at Autism Alliance Faridabad.,Local NCR parenting page / school partner where applicable,Yes (Track 24h metrics),Yes (If shares/reach > 3.0%),Faridabad Batch Filming,Planned,Scheduled for Week 6 execution.
Day 40 (Fri),Week 6,Friday,"Instagram, YouTube, Facebook",Reel / Short,AA-PUB-040,P9: Autism Alliance NCR,AA | One Activity,Faridabad Centre Parent Walkthrough: What to Bring on Day 1,Crown Plaza Faridabad me pehli consultation: Kaunse medical documents aur video clips lekar aana chahiye.,Special Educator & OT,Delhi EOK,Delhi,Hindi/Hinglish,"Reach, Education & Local Trust",Discovery to Conversion,31 sec,Save this post and DM 'CONNECT' to speak with our clinical intake team.,"Visit Autism Alliance in East of Kailash, Faridabad, or Ludhiana.",Close-up eye contact + therapist hands-on demo.,Authentic activity B-roll filmed at Autism Alliance Delhi EOK.,Local NCR parenting page / school partner where applicable,Yes (Track 24h metrics),Yes (If shares/reach > 3.0%),Delhi EOK Batch Filming,Planned,Scheduled for Week 6 execution.
Day 41 (Sat),Week 6,Saturday,YouTube (Long-Form) + IG/FB Cut,YouTube Long-Form + Promo Reel,AA-PUB-041,P1: Dr. Atul Explains,AA | Inside Centre,"YT Masterclass 6: Meltdowns, Aggression & Emotional Regulation",YT: 'How to Calm an Autistic Child During Severe Sensory Meltdowns Without Shouting or Restraint'.,Dr. Atul Madaan,Delhi EOK,Delhi,Hindi/Hinglish,"Reach, Education & Local Trust",Discovery to Conversion,14:10 min,Save this post and DM 'CONNECT' to speak with our clinical intake team.,"Visit Autism Alliance in East of Kailash, Faridabad, or Ludhiana.",Close-up eye contact + therapist hands-on demo.,Authentic activity B-roll filmed at Autism Alliance Delhi EOK.,Local NCR parenting page / school partner where applicable,Yes (Track 24h metrics),Yes (If shares/reach > 3.0%),Delhi EOK Batch Filming,Planned,Scheduled for Week 6 execution.
Day 42 (Sun),Week 6,Sunday,"Instagram, YouTube, Facebook",Reel / Short,AA-PUB-042,P10: Parent Questions & Q&A,AA | Sunday Q&A,Sunday Q&A: 'What If My In-Laws Don't Accept the Diagnosis?',Indian family dynamics me diagnosis accept karwana: Dr. Atul's compassionate psychological advice.,Dr. Atul Madaan,Delhi EOK,Delhi,Hindi/Hinglish,"Reach, Education & Local Trust",Discovery to Conversion,45 sec,Save this post and DM 'CONNECT' to speak with our clinical intake team.,"Visit Autism Alliance in East of Kailash, Faridabad, or Ludhiana.",Close-up eye contact + therapist hands-on demo.,Authentic activity B-roll filmed at Autism Alliance Delhi EOK.,Local NCR parenting page / school partner where applicable,Yes (Track 24h metrics),Yes (If shares/reach > 3.0%),Delhi EOK Batch Filming,Planned,Scheduled for Week 6 execution.
Day 43 (Mon),Week 7,Monday,"Instagram, YouTube, Facebook",Reel / Short,AA-PUB-043,P9: Autism Alliance NCR,AA | Therapist Shows,Collaboration: South Delhi Mom Influencer × Autism Alliance,"South Delhi mom asks Dr. Atul: 'Pre-school me teacher ne concern raise kiya, ab main kya karoon?'",Senior Occupational Therapist,Faridabad,Faridabad,Hindi/Hinglish,"Reach, Education & Local Trust",Discovery to Conversion,39 sec,Save this post and DM 'CONNECT' to speak with our clinical intake team.,"Visit Autism Alliance in East of Kailash, Faridabad, or Ludhiana.",Close-up eye contact + therapist hands-on demo.,Authentic activity B-roll filmed at Autism Alliance Faridabad.,Local NCR parenting page / school partner where applicable,Yes (Track 24h metrics),Yes (If shares/reach > 3.0%),Faridabad Batch Filming,Planned,Scheduled for Week 7 execution.
Day 44 (Tue),Week 7,Tuesday,"Instagram, Facebook",Carousel,AA-PUB-044,P2: Parent Asked. Therapist Shows.,AA | Dr. Atul Explains,Speech Therapy Toys You Don't Need to Buy: Kitchen Utensils,"Expensive toys khareedne ki zaroorat nahi: Steel katori, spoon aur dabba se language stimulation.",Autism Alliance Clinical Team,Delhi EOK,Delhi,Hindi/Hinglish,"Reach, Education & Local Trust",Discovery to Conversion,8 Slides Carousel,Save this post and DM 'CONNECT' to speak with our clinical intake team.,"Visit Autism Alliance in East of Kailash, Faridabad, or Ludhiana.",Close-up eye contact + therapist hands-on demo.,Authentic activity B-roll filmed at Autism Alliance Delhi EOK.,Local NCR parenting page / school partner where applicable,Yes (Track 24h metrics),Yes (If shares/reach > 3.0%),Delhi EOK Batch Filming,Planned,Scheduled for Week 7 execution.
Day 45 (Wed),Week 7,Wednesday,"Instagram, YouTube, Facebook",Reel / Short,AA-PUB-045,P1: Dr. Atul Explains,AA | 30 Sec Parents,Toilet Training in Autism: The Sensory Obstacles,"Toilet training failure ka reason stubbornness nahi, porcelain ki thandak aur flush ki awaaz ho sakti hai.",Dr. Atul Madaan,Ludhiana,Ludhiana,Hindi/Hinglish,"Reach, Education & Local Trust",Discovery to Conversion,35 sec,Save this post and DM 'CONNECT' to speak with our clinical intake team.,"Visit Autism Alliance in East of Kailash, Faridabad, or Ludhiana.",Close-up eye contact + therapist hands-on demo.,Authentic activity B-roll filmed at Autism Alliance Ludhiana.,Local NCR parenting page / school partner where applicable,Yes (Track 24h metrics),Yes (If shares/reach > 3.0%),Ludhiana Batch Filming,Planned,Scheduled for Week 7 execution.
Day 46 (Thu),Week 7,Thursday,"Instagram, YouTube, Facebook",Reel / Short,AA-PUB-046,P2: Parent Asked. Therapist Shows.,AA | NCR Hub,Mirror Play for Social Communication & Imitation,Mirror ke saamne baith kar imitation skills aur facial expressions sikhane ki live OT technique.,Centre Lead Faridabad,Faridabad,Faridabad,Hindi/Hinglish,"Reach, Education & Local Trust",Discovery to Conversion,29 sec,Save this post and DM 'CONNECT' to speak with our clinical intake team.,"Visit Autism Alliance in East of Kailash, Faridabad, or Ludhiana.",Close-up eye contact + therapist hands-on demo.,Authentic activity B-roll filmed at Autism Alliance Faridabad.,Local NCR parenting page / school partner where applicable,Yes (Track 24h metrics),Yes (If shares/reach > 3.0%),Faridabad Batch Filming,Planned,Scheduled for Week 7 execution.
Day 47 (Fri),Week 7,Friday,"Instagram, YouTube, Facebook",Reel / Short,AA-PUB-047,P6: Inside Autism Alliance,AA | One Activity,East of Kailash Centre: Meet Our Senior Clinical Psychologist,Delhi centre me Dr. Atul Madaan aur clinical team ka diagnosis aur therapy planning protocol.,Special Educator & OT,Delhi EOK,Delhi,Hindi/Hinglish,"Reach, Education & Local Trust",Discovery to Conversion,33 sec,Save this post and DM 'CONNECT' to speak with our clinical intake team.,"Visit Autism Alliance in East of Kailash, Faridabad, or Ludhiana.",Close-up eye contact + therapist hands-on demo.,Authentic activity B-roll filmed at Autism Alliance Delhi EOK.,Local NCR parenting page / school partner where applicable,Yes (Track 24h metrics),Yes (If shares/reach > 3.0%),Delhi EOK Batch Filming,Planned,Scheduled for Week 7 execution.
Day 48 (Sat),Week 7,Saturday,YouTube (Long-Form) + IG/FB Cut,YouTube Long-Form + Promo Reel,AA-PUB-048,P8: Parent Training Program,AA | Inside Centre,YT Masterclass 7: Toilet Training & Daily Living Skills for Neurodivergent Kids,YT: 'Step-by-Step Autism Toilet Training Guide: Overcoming Sensory Fears & Building Independence'.,Dr. Atul Madaan,Delhi EOK,Delhi,Hindi/Hinglish,"Reach, Education & Local Trust",Discovery to Conversion,12:50 min,Save this post and DM 'CONNECT' to speak with our clinical intake team.,"Visit Autism Alliance in East of Kailash, Faridabad, or Ludhiana.",Close-up eye contact + therapist hands-on demo.,Authentic activity B-roll filmed at Autism Alliance Delhi EOK.,Local NCR parenting page / school partner where applicable,Yes (Track 24h metrics),Yes (If shares/reach > 3.0%),Delhi EOK Batch Filming,Planned,Scheduled for Week 7 execution.
Day 49 (Sun),Week 7,Sunday,"Instagram, YouTube, Facebook",Reel / Short,AA-PUB-049,P10: Parent Questions & Q&A,AA | Sunday Q&A,Sunday Q&A: 'Is Mild Autism Reversible?',Clinical clarification: 'Mild autism' term kya hai aur early intervention se outcomes kaise maximize hote hain.,Dr. Atul Madaan,Delhi EOK,Delhi,Hindi/Hinglish,"Reach, Education & Local Trust",Discovery to Conversion,43 sec,Save this post and DM 'CONNECT' to speak with our clinical intake team.,"Visit Autism Alliance in East of Kailash, Faridabad, or Ludhiana.",Close-up eye contact + therapist hands-on demo.,Authentic activity B-roll filmed at Autism Alliance Delhi EOK.,Local NCR parenting page / school partner where applicable,Yes (Track 24h metrics),Yes (If shares/reach > 3.0%),Delhi EOK Batch Filming,Planned,Scheduled for Week 7 execution.
Day 50 (Mon),Week 8,Monday,"Instagram, YouTube, Facebook",Reel / Short,AA-PUB-050,P1: Dr. Atul Explains,AA | Therapist Shows,AuDHD: When Autism & ADHD Co-Exist in Children,Hyperactivity aur autism ek sath? AuDHD symptoms ko decode karte hain Dr. Atul Madaan.,Dr. Atul Madaan,Faridabad,Faridabad,Hindi/Hinglish,"Reach, Education & Local Trust",Discovery to Conversion,36 sec,Save this post and DM 'CONNECT' to speak with our clinical intake team.,"Visit Autism Alliance in East of Kailash, Faridabad, or Ludhiana.",Close-up eye contact + therapist hands-on demo.,Authentic activity B-roll filmed at Autism Alliance Faridabad.,Local NCR parenting page / school partner where applicable,Yes (Track 24h metrics),Yes (If shares/reach > 3.0%),Faridabad Batch Filming,Planned,Scheduled for Week 8 execution.
Day 51 (Tue),Week 8,Tuesday,"Instagram, Facebook",Carousel,AA-PUB-051,P8: Parent Training Program,AA | Dr. Atul Explains,First Consultation Checklist: 7 Questions to Ask Your Therapy Centre,Kisi bhi centre par jaane se pehle ye 7 sawaal zaroor puchein RCI registration aur methodology ke baare me.,Autism Alliance Clinical Team,Delhi EOK,Delhi,Hindi/Hinglish,"Reach, Education & Local Trust",Discovery to Conversion,8 Slides Carousel,Save this post and DM 'CONNECT' to speak with our clinical intake team.,"Visit Autism Alliance in East of Kailash, Faridabad, or Ludhiana.",Close-up eye contact + therapist hands-on demo.,Authentic activity B-roll filmed at Autism Alliance Delhi EOK.,Local NCR parenting page / school partner where applicable,Yes (Track 24h metrics),Yes (If shares/reach > 3.0%),Delhi EOK Batch Filming,Planned,Scheduled for Week 8 execution.
Day 52 (Wed),Week 8,Wednesday,"Instagram, YouTube, Facebook",Reel / Short,AA-PUB-052,P2: Parent Asked. Therapist Shows.,AA | 30 Sec Parents,Proprioceptive Heavy Work: Animal Walks in the Living Room,"Bear walk, crab walk, frog jump: Restless body ko calm karne ke 3 heavy work exercises.",Speech Therapist,Ludhiana,Ludhiana,Hindi/Hinglish,"Reach, Education & Local Trust",Discovery to Conversion,30 sec,Save this post and DM 'CONNECT' to speak with our clinical intake team.,"Visit Autism Alliance in East of Kailash, Faridabad, or Ludhiana.",Close-up eye contact + therapist hands-on demo.,Authentic activity B-roll filmed at Autism Alliance Ludhiana.,Local NCR parenting page / school partner where applicable,Yes (Track 24h metrics),Yes (If shares/reach > 3.0%),Ludhiana Batch Filming,Planned,Scheduled for Week 8 execution.
Day 53 (Thu),Week 8,Thursday,"Instagram, YouTube, Facebook",Reel / Short,AA-PUB-053,P1: Dr. Atul Explains,AA | NCR Hub,Masking in Girls: Why Girls Are Diagnosed Later in India,Ladkiyon me autism late kyu pakad me aata hai? Social masking aur mimicking ki reality.,Dr. Atul Madaan,Faridabad,Faridabad,Hindi/Hinglish,"Reach, Education & Local Trust",Discovery to Conversion,35 sec,Save this post and DM 'CONNECT' to speak with our clinical intake team.,"Visit Autism Alliance in East of Kailash, Faridabad, or Ludhiana.",Close-up eye contact + therapist hands-on demo.,Authentic activity B-roll filmed at Autism Alliance Faridabad.,Local NCR parenting page / school partner where applicable,Yes (Track 24h metrics),Yes (If shares/reach > 3.0%),Faridabad Batch Filming,Planned,Scheduled for Week 8 execution.
Day 54 (Fri),Week 8,Friday,"Instagram, YouTube, Facebook",Reel / Short,AA-PUB-054,P9: Autism Alliance NCR,AA | One Activity,Inside Crown Plaza Faridabad: The Parent Waiting Experience,Parents wait karte waqt PTP modules aur home plan kaise discuss karte hain hamare centre par.,Special Educator & OT,Delhi EOK,Delhi,Hindi/Hinglish,"Reach, Education & Local Trust",Discovery to Conversion,32 sec,Save this post and DM 'CONNECT' to speak with our clinical intake team.,"Visit Autism Alliance in East of Kailash, Faridabad, or Ludhiana.",Close-up eye contact + therapist hands-on demo.,Authentic activity B-roll filmed at Autism Alliance Delhi EOK.,Local NCR parenting page / school partner where applicable,Yes (Track 24h metrics),Yes (If shares/reach > 3.0%),Delhi EOK Batch Filming,Planned,Scheduled for Week 8 execution.
Day 55 (Sat),Week 8,Saturday,YouTube (Long-Form) + IG/FB Cut,YouTube Long-Form + Promo Reel,AA-PUB-055,P1: Dr. Atul Explains,AA | Inside Centre,YT Masterclass 8: The Next 5 Years: Planning Your Child's Future & Independence,YT: 'From Therapy to Lifelong Independence: Long-Term Roadmap for Children on the Autism Spectrum'.,Dr. Atul Madaan,Delhi EOK,Delhi,Hindi/Hinglish,"Reach, Education & Local Trust",Discovery to Conversion,15:20 min,Save this post and DM 'CONNECT' to speak with our clinical intake team.,"Visit Autism Alliance in East of Kailash, Faridabad, or Ludhiana.",Close-up eye contact + therapist hands-on demo.,Authentic activity B-roll filmed at Autism Alliance Delhi EOK.,Local NCR parenting page / school partner where applicable,Yes (Track 24h metrics),Yes (If shares/reach > 3.0%),Delhi EOK Batch Filming,Planned,Scheduled for Week 8 execution.
Day 56 (Sun),Week 8,Sunday,"Instagram, YouTube, Facebook",Reel / Short,AA-PUB-056,P10: Parent Questions & Q&A,AA | Sunday Q&A,Sunday Q&A: '60 Days of Parent Questions: What We Learned',Celebrating 60 days of parent empowerment: Sabse bada lesson jo har Indian family ko yaad rakhna chahiye.,Dr. Atul Madaan,Delhi EOK,Delhi,Hindi/Hinglish,"Reach, Education & Local Trust",Discovery to Conversion,45 sec,Save this post and DM 'CONNECT' to speak with our clinical intake team.,"Visit Autism Alliance in East of Kailash, Faridabad, or Ludhiana.",Close-up eye contact + therapist hands-on demo.,Authentic activity B-roll filmed at Autism Alliance Delhi EOK.,Local NCR parenting page / school partner where applicable,Yes (Track 24h metrics),Yes (If shares/reach > 3.0%),Delhi EOK Batch Filming,Planned,Scheduled for Week 8 execution.
Day 57 (Mon),Week 9,Monday,"Instagram, YouTube, Facebook",Reel / Short,AA-PUB-057,P9: Autism Alliance NCR,AA | Therapist Shows,Autism Alliance NCR: Delhi & Faridabad Consultation Walk-In Guide,Delhi EOK aur Faridabad Sector 15A: How to book your comprehensive developmental evaluation.,Senior Occupational Therapist,Faridabad,Faridabad,Hindi/Hinglish,"Reach, Education & Local Trust",Discovery to Conversion,34 sec,Save this post and DM 'CONNECT' to speak with our clinical intake team.,"Visit Autism Alliance in East of Kailash, Faridabad, or Ludhiana.",Close-up eye contact + therapist hands-on demo.,Authentic activity B-roll filmed at Autism Alliance Faridabad.,Local NCR parenting page / school partner where applicable,Yes (Track 24h metrics),Yes (If shares/reach > 3.0%),Faridabad Batch Filming,Planned,Scheduled for Week 9 execution.
Day 58 (Tue),Week 9,Tuesday,"Instagram, Facebook",Carousel,AA-PUB-058,P8: Parent Training Program,AA | Dr. Atul Explains,The 60-Day Transformation: Parents Becoming Co-Therapists,"Real parent testimonials (audio & quotes): 'Mujhe laga tha main akela hoon, ab mere paas plan hai.'",Autism Alliance Clinical Team,Delhi EOK,Delhi,Hindi/Hinglish,"Reach, Education & Local Trust",Discovery to Conversion,8 Slides Carousel,Save this post and DM 'CONNECT' to speak with our clinical intake team.,"Visit Autism Alliance in East of Kailash, Faridabad, or Ludhiana.",Close-up eye contact + therapist hands-on demo.,Authentic activity B-roll filmed at Autism Alliance Delhi EOK.,Local NCR parenting page / school partner where applicable,Yes (Track 24h metrics),Yes (If shares/reach > 3.0%),Delhi EOK Batch Filming,Planned,Scheduled for Week 9 execution.
Day 59 (Wed),Week 9,Wednesday,"Instagram, YouTube, Facebook",Reel / Short,AA-PUB-059,P6: Inside Autism Alliance,AA | 30 Sec Parents,Therapist Hands BTS: Celebrating Micro-Milestones Every Day,"Ek word, ek point, ek smile: Autism Alliance centres me hum har choti jeet celebrate karte hain.",Speech Therapist,Ludhiana,Ludhiana,Hindi/Hinglish,"Reach, Education & Local Trust",Discovery to Conversion,30 sec,Save this post and DM 'CONNECT' to speak with our clinical intake team.,"Visit Autism Alliance in East of Kailash, Faridabad, or Ludhiana.",Close-up eye contact + therapist hands-on demo.,Authentic activity B-roll filmed at Autism Alliance Ludhiana.,Local NCR parenting page / school partner where applicable,Yes (Track 24h metrics),Yes (If shares/reach > 3.0%),Ludhiana Batch Filming,Planned,Scheduled for Week 9 execution.
Day 60 (Thu),Week 9,Thursday,"Instagram, YouTube, Facebook",Reel / Short,AA-PUB-060,P1: Dr. Atul Explains,AA | NCR Hub,Dr. Atul's Closing Promise: We Walk This Journey Together,Dr. Atul Madaan: 'Aap akele nahi hain. Autism Alliance aapke bachhe ke har step par aapke sath hai.',Dr. Atul Madaan,Faridabad,Faridabad,Hindi/Hinglish,"Reach, Education & Local Trust",Discovery to Conversion,40 sec,Save this post and DM 'CONNECT' to speak with our clinical intake team.,"Visit Autism Alliance in East of Kailash, Faridabad, or Ludhiana.",Close-up eye contact + therapist hands-on demo.,Authentic activity B-roll filmed at Autism Alliance Faridabad.,Local NCR parenting page / school partner where applicable,Yes (Track 24h metrics),Yes (If shares/reach > 3.0%),Faridabad Batch Filming,Planned,Scheduled for Week 9 execution.
