ID,City,Page,Pillar,Series,Exact_Title,Exact_Hook,Core_Message,Speaker,Shooting_Location,Ideal_Duration,Shots,B_Roll,On_Screen_Text,CTA,Collaboration_Opportunity,Organic_Objective,Paid_Suitability,Clinical_Review_Flag,Repurposing_Opportunity
D-01,Delhi,@autismalliance_delhi,Delhi Content Layer,Speech Delay vs Early Signs in South Delhi,Speech Delay vs Early Signs in South Delhi,"South Delhi parents ask: Mera 2-saal ka bachha bolta nahi, kya ye autism hai?",Speech delay alone is not autism; evaluate joint attention and pointing gestures.,Dr. Atul Madaan,C-3 East of Kailash Studio,45s,Chest-up talking head + cutaway to pointing gestures,Close-up of toddler index finger pointing to toy,Speech Delay vs Autism: 3 Signs,DM 'ASSESS' for evaluation,Harpreeth Suri,Share-rate,High,CLINICAL REVIEW REQUIRED,Extract 2 YT Shorts
D-02,Delhi,@autismalliance_delhi,Delhi Content Layer,Nursery Admissions & RPwD Law in Delhi,Nursery Admissions & RPwD Law in Delhi,South Delhi private schools me admission ke waqt aapke bachhe ke legal rights kya hain?,RPwD Act 2016 Section 16 mandates inclusive education; schools cannot deny admission based on disability.,Special Educator,EOK Quiet Cabin,40s,Presenter holding official gazette copy,Classroom desk with visual timetable cards,School Admission Rights | RPwD 2016,Save this legal rights checklist,Bluebells International,Save-rate,High,CLINICAL REVIEW REQUIRED,Carousel slide deck
D-03,Delhi,@autismalliance_delhi,Delhi Content Layer,Inside C-3 East of Kailash Sensory Gym,Inside C-3 East of Kailash Sensory Gym,South Delhi ke Main Road par ek aisi space jahan sensory overload calm hota hai.,A peek inside our specialized sensory integration gym right opposite Shri Radha Krishna Mandir.,Senior OT,EOK Sensory Gym,35s,Smooth gimbal walking tour from reception to swings,Platform swing gently swaying; tactile stepping stones,Sensory Integration Hub | East of Kailash,Visit us at C-3 East of Kailash,None,Familiarity,High,Approved,Google Maps GBP Video
D-04,Delhi,@autismalliance_delhi,Delhi Content Layer,Select CityWalk Mall Meltdown Protocol,Select CityWalk Mall Meltdown Protocol,Select CityWalk me shopping ke waqt jab bachha sensory scream kare...,High fluorescent lighting and acoustic echoes trigger fight-or-flight; 3 steps to co-regulate.,Dr. Atul Madaan,EOK Studio,45s,Dr. Atul speaking warmly with compassionate gaze,Parent holding child safely in a quiet corner,Mall Meltdown Support | Non-Verbal Calm,Save this co-regulation guide,Sonal Katyal,Share-rate,High,CLINICAL REVIEW REQUIRED,Story summary
D-05,Delhi,@autismalliance_delhi,Delhi Content Layer,When Pediatricians Note Milestone Pauses,When Pediatricians Note Milestone Pauses,South Delhi pediatrician wellness visit ke baad child psychologist kab consult karein?,Developmental milestones require clinical psychologists when reciprocal social engagement lags.,Dr. Atul Madaan,EOK Studio,40s,Dr. Atul seated with pediatric assessment folder,Stethoscope beside milestone growth chart,Pediatric Referral Timeline,Call EOK Desk: 011-26465032,Apollo Cradle Pediatricians,Lead generation,High,CLINICAL REVIEW REQUIRED,LinkedIn medical post
D-06,Delhi,@autismalliance_delhi,Delhi Content Layer,Maternal Burnout in South Delhi Nuclear Homes,Maternal Burnout in South Delhi Nuclear Homes,Ek maa jo sab sambhal rahi hai... par khud ke nervous system ke liye time nahi hai.,Parental self-compassion is the foundation of co-regulation; exhausted parents cannot regulate a child.,Parent Educator,EOK Parent Lounge,45s,Warm conversation style with tea cup on table,Mother breathing deeply in quiet corner,Parent Burnout | You Are Doing Enough,Register for Delhi Parent Circle,Harpreeth Suri,Empathy & Trust,Medium,Approved,Story AMA discussion
D-07,Delhi,@autismalliance_delhi,Delhi Content Layer,Speech Therapy & OT Synergy at EOK,Speech Therapy & OT Synergy at EOK,Speech therapy tabhi kaam karegi jab sensory regulation pehle achieve ho.,"A dysregulated, restless child cannot sit for speech; Occupational Therapy builds the neurological base.",Lead OT & SLP,EOK Sensory Gym,45s,OT and SLP standing together demonstrating synergy,Child hand pointing on communication board on swing,OT + Speech: Why They Work Together,Book integrated assessment,None,Conversion,High,CLINICAL REVIEW REQUIRED,YouTube Short
D-08,Delhi,@autismalliance_delhi,Delhi Content Layer,Nehru Place Metro Loud Noise Sensitivity,Nehru Place Metro Loud Noise Sensitivity,Metro station ke horn aur shor se bachha kaan kyu band karta hai?,Hyperacusis and sensory auditory processing explained; why simple ear defenders offer dignity.,Senior OT,EOK Cabin,35s,OT holding noise-canceling headphones,Macro shot of foam ear cushions,Auditory Sensitivity | Not Bad Behavior,Save for your next Delhi commute,None,Utility,Medium,Approved,Carousel slide
D-09,Delhi,@autismalliance_delhi,Delhi Content Layer,South Delhi School PTM Preparation,South Delhi School PTM Preparation,School PTM par teacher kahe 'bachha class me distract hota hai' — what to say.,How to partner with teachers constructively rather than becoming defensive.,Special Education Lead,EOK Cabin,40s,Teacher holding IEP document,Sample accommodation checklist,PTM Survival Guide | Inclusive Schools,DM 'PTM' for our educator guide,Tagore International,Save-rate,High,CLINICAL REVIEW REQUIRED,Parent handout
D-10,Delhi,@autismalliance_delhi,Delhi Content Layer,Eye Contact: Why It Is Not Goal #1,Eye Contact: Why It Is Not Goal #1,South Delhi parents: Bachhe se eye contact force karna band kijiye.,Autistic individuals often process auditory language better when looking away; joint attention beats eye gaze.,Dr. Atul Madaan,EOK Studio,45s,"Dr. Atul direct to camera, measured pace",Therapist playing alongside child looking at same toy,Rethinking Eye Contact | Brain Science,Share with an anxious parent,Kidsstoppress,Authority,High,CLINICAL REVIEW REQUIRED,Podcast teaser
D-11,Delhi,@autismalliance_delhi,Delhi Content Layer,Echolalia: Repeating Dialogue Decoded,Echolalia: Repeating Dialogue Decoded,Bachha YouTube rhymes repeat karta hai par sawaal nahi bolta?,Gestalt Language Processing; acknowledging script communication as an early speech milestone.,Lead Speech Pathologist,EOK Speech Cabin,40s,SLP demonstrating sentence strips,Child toy microphone and picture cards,Gestalt Language Processing | Echolalia,DM 'SPEECH' for guidance,1SpecialPlace,Save-rate,High,CLINICAL REVIEW REQUIRED,Speech carousel
D-12,Delhi,@autismalliance_delhi,Delhi Content Layer,Sensory Defensiveness to Winter Sweaters,Sensory Defensiveness to Winter Sweaters,Delhi ki sardi me bachha warm jackets pehnne se roye toh kya karein?,Tactile defensiveness against woolen textures; seamless thermal layering solutions.,Senior OT,EOK Sensory Gym,35s,OT feeling different fabric swatches,Cotton seamless undergarments on display,Tactile Sensitivity | Winter Clothing,Save this seasonal clothing tip,None,Utility,Low,Approved,Winter Story hack
D-13,Delhi,@autismalliance_delhi,Delhi Content Layer,RCI Registered vs Unqualified Clinics,RCI Registered vs Unqualified Clinics,Autism therapy centre chunne se pehle RCI CRR number kyu check karein?,Rehabilitation Council of India statutory standards protect children from untrained commercial setups.,Dr. Atul Madaan,EOK Studio,40s,Dr. Atul holding RCI registration certificate,Macro view of official accreditation credentials,Ethical Clinical Standards | RCI Regd,Consult RCI qualified specialists,Action for Autism,Trust moat,High,Approved,Website trust badge
D-14,Delhi,@autismalliance_delhi,Delhi Content Layer,The 15-Minute South Delhi Home Play Routine,The 15-Minute South Delhi Home Play Routine,Gym jaane ki zaroorat nahi; ghar par 15 minute ka intentional play routine.,Floor-time joint engagement using laundry baskets and pillows builds motor pathways.,Special Educator,EOK Activity Room,45s,Demonstrating pillow obstacle course,Hands placing colorful markers on floor,15-Minute Home Sensory Routine,Save this home game,DELMO,Save-rate,High,Approved,Reel series
D-15,Delhi,@autismalliance_delhi,Delhi Content Layer,Managing Public Stares in South Delhi Markets,Managing Public Stares in South Delhi Markets,GK M-Block market me jab log aapke bachhe ko dekhein... your mental shield.,Reframing external social judgment; your loyalty is to your child's nervous system.,Dr. Atul Madaan,EOK Studio,40s,Empathetic close-up of Dr. Atul,Calm parent holding hands with toddler,Public Judgment | A Message to Parents,Share this emotional reminder,Sonal Katyal,Emotional bond,Medium,Approved,Quote card
D-16,Delhi,@autismalliance_delhi,Delhi Content Layer,Preschool Shadow Teacher Decision Tree,Preschool Shadow Teacher Decision Tree,Aapke bachhe ko shadow teacher kab chahiye aur kab nahi?,"Shadow teachers should build independence, not create permanent behavioral dependency.",Head Special Educator,EOK Classroom Setup,40s,Educator explaining independence chart,Visual timetable on wooden table,Shadow Teachers: When & Why,Save this educational roadmap,Tagore International,Save-rate,High,CLINICAL REVIEW REQUIRED,Guide download
D-17,Delhi,@autismalliance_delhi,Delhi Content Layer,Understanding Tiptoe Walking in Toddlers,Understanding Tiptoe Walking in Toddlers,Bachha panjon ke bal kyu chalta hai? Sensory vs Orthopedic reality.,Vestibular seeking vs tight Achilles tendon; why an OT sensory assessment is needed before exercises.,Lead OT,EOK Sensory Gym,35s,OT observing simulated foot movement on textured mat,Textured stepping stones and foam wedges,Tiptoe Walking | Sensory Seeking,Book an OT assessment,None,Save-rate,High,CLINICAL REVIEW REQUIRED,Short clip
D-18,Delhi,@autismalliance_delhi,Delhi Content Layer,Diwali Firecrackers & Sensory Preparation,Diwali Firecrackers & Sensory Preparation,Delhi Diwali crackers se pehle sensory-sensitive bachhe ko kaise prepare karein.,Creating a safe quiet sanctuary room and noise-reduction routines 3 days prior.,Senior OT,EOK Sensory Gym,40s,OT demonstrating soft indoor tent setup,Weighted blanket and calming low light lamp,Festival Sensory Readiness,Save this festival guide,DELMO,Seasonal share,High,Approved,Seasonal carousel
D-19,Delhi,@autismalliance_delhi,Delhi Content Layer,Food Texture Gagging at Dinnertime,Food Texture Gagging at Dinnertime,Dal-chawal ya khichdi dekh kar bachha ulti jaisa react kyu karta hai?,Oral sensory defensiveness against mixed wet textures; gentle food chaining framework.,Pediatric OT,EOK Activity Table,40s,OT demonstrating crunchy vs pureed texture progression,Dry pasta and sensory spoons,Food Texture Aversions | Feeding OT,DM 'FEEDING' for guide,Dr. Garima Malhotra,Save-rate,High,CLINICAL REVIEW REQUIRED,Feeding guide
D-20,Delhi,@autismalliance_delhi,Delhi Content Layer,Sibling Support: The Other Child at Home,Sibling Support: The Other Child at Home,Special needs bachhe ke sibling ko neglected feel na ho... 3 parenting balance steps.,Dedicated 10-minute 1-on-1 parent time prevents glass child syndrome.,Family Counselor,EOK Parent Lounge,45s,Counselor speaking gently,Two hands drawing together on paper,Sibling Support | Family Balance,Share with special needs families,Ginny's Planet,Community trust,Medium,Approved,Webinar promo
D-21,Delhi,@autismalliance_delhi,Delhi Content Layer,What Happens During a 45-Minute Assessment?,What Happens During a 45-Minute Assessment?,East of Kailash me pehli consultation me hum actually kya observe karte hain.,"Transparent walkthrough of developmental observation, play assessment, and parent interview.",Dr. Atul Madaan,EOK Assessment Suite,45s,Dr. Atul showing standardized observation toys,Wooden puzzle blocks and bubbles,Inside Clinical Assessment | EOK,Book your evaluation session,None,Direct conversion,High,Approved,Centre landing page
D-22,Delhi,@autismalliance_delhi,Delhi Content Layer,Screen Time Replacement: 3 Offline Activities,Screen Time Replacement: 3 Offline Activities,Phone chheenne ke badle bachhe ke haath me ye 3 sensory toys dein.,Replacing passive dopamine with active tactile stimulation using kinetic sand and water beads.,Senior OT,EOK Sensory Gym,40s,Hands squishing kinetic sand in wooden tray,Bright sensory textured balls,Screen Replacement Activities,Save this sensory recipe,Manika Mishra,Save-rate,High,Approved,Story reel
D-23,Delhi,@autismalliance_delhi,Delhi Content Layer,AuDHD: When Autism & ADHD Overlap,AuDHD: When Autism & ADHD Overlap,Bachha routine bhi chahta hai par ek jagah baith bhi nahi sakta: AuDHD decoded.,The neurological conflict between the autistic need for predictability and ADHD novelty seeking.,Dr. Atul Madaan,EOK Studio,45s,Dr. Atul drawing Venn diagram on digital screen,Visual split screen of routine vs movement,AuDHD Decoded | Autism + ADHD,Save this neurodiversity explainer,Dr. Sid Warrier,Authority,High,CLINICAL REVIEW REQUIRED,YouTube Long clip
D-24,Delhi,@autismalliance_delhi,Delhi Content Layer,South Delhi Inclusive Preschools List,South Delhi Inclusive Preschools List,South Delhi me sensory-inclusive nursery schools kaise evaluate karein.,What questions parents should ask pre-school principals regarding student-teacher ratio and calm spaces.,Special Education Lead,EOK Cabin,40s,Educator holding school evaluation checklist,Nursery classroom layout photo,Choosing Inclusive Pre-Schools,DM 'SCHOOL' for evaluation checklist,Bluebells International,High utility,High,Approved,Carousels
D-25,Delhi,@autismalliance_delhi,Delhi Content Layer,The Power of Proprioceptive Heavy Work,The Power of Proprioceptive Heavy Work,Bachha sofa par zor se kyu kudta hai? Heavy work explained.,Joint compression and deep muscle feedback calms an overstimulated nervous system.,Senior OT,EOK Sensory Gym,35s,Therapist pushing heavy peanut ball,Adult hands gently compressing crash pad,Proprioception | Heavy Work Science,Try heavy work activities at home,None,Save-rate,High,CLINICAL REVIEW REQUIRED,OT Reel
D-26,Delhi,@autismalliance_delhi,Delhi Content Layer,Grandparents Disagreeing with Therapy,Grandparents Disagreeing with Therapy,"Jab in-laws kahein 'bachha theek hai, doctors dara rahe hain'...",Compassionate communication scripts for Indian joint family harmony.,Dr. Atul Madaan,EOK Studio,45s,Dr. Atul with warm empathetic tone,Respectful family portrait frame graphic,Navigating Joint Family Skepticism,Share in your family WhatsApp group,Momspresso,Viral share,High,Approved,Podcast short
D-27,Delhi,@autismalliance_delhi,Delhi Content Layer,Visual Schedules: Eliminating Morning Chaos,Visual Schedules: Eliminating Morning Chaos,Subah school van aane se pehle ka rona band karne ka visual schedule trick.,"Using velcro picture cards to sequence brushing, dressing, and breakfast visually.",Special Educator,EOK Cabin,40s,Educator demonstrating velcro morning routine board,Fingers moving card from 'To Do' to 'Done',Visual Schedules | Calm Mornings,DM 'SCHEDULE' for printable cards,Avaz AAC,Save-rate,High,Approved,Free resource
D-28,Delhi,@autismalliance_delhi,Delhi Content Layer,Fine Motor Tongs & Pincer Grasp Game,Fine Motor Tongs & Pincer Grasp Game,Pencil pakadne se pehle bachhe ke haath ki muscles kaise strengthen karein.,Kitchen tongs and pom-pom sorting games that build handwriting grip without worksheets.,Lead OT,EOK Activity Room,35s,Macro close-up of adult hands using wooden tongs,Colored fuzzy pom-poms dropped in egg carton,Fine Motor Handwriting Prep,Save this fine motor game,None,Utility,Medium,Approved,OT Short
D-29,Delhi,@autismalliance_delhi,Delhi Content Layer,De-Escalating Screaming During Car Commutes,De-Escalating Screaming During Car Commutes,South Delhi traffic jam me bachha car me sensory panic me aa jaye toh...,"Car sensory kit: Vibration cushion, sour candy, and deep pressure lap pad.",Senior OT,EOK Studio,35s,OT unpacking a compact car sensory travel bag,Noise reduction headphones and sensory chewelry,Car Commute Sensory Kit,Save for your next family road trip,DELMO,Utility,Medium,Approved,Travel Reel
D-30,Delhi,@autismalliance_delhi,Delhi Content Layer,Autism Alliance Delhi Core Promise,Autism Alliance Delhi Core Promise,Hum sirf bachhe ko therapy nahi dete; hum parents ko confident co-therapist banate hain.,Dr. Atul Madaan explains our founding mission at C-3 East of Kailash Main Road.,Dr. Atul Madaan,EOK Sensory Gym Wide,45s,Dr. Atul walking through vibrant sensory gym,Team of therapists smiling together in background,Autism Alliance Delhi | Our Promise,Visit us at C-3 East of Kailash. Call 011-26465032,All Partners,Brand core,High,Approved,Pinned Reel
F-01,Faridabad,@autismalliance_faridabad,Faridabad Content Layer,Bubble Wand Joint Attention Play,Bubble Wand Joint Attention Play,Parent ne pucha. Therapist dikhate hain: Soap bubbles se eye contact kaise encourage karein.,Wait for the child to look at you before blowing bubbles; builds anticipatory joint engagement.,Faridabad Senior SLP,Crown Plaza LG-06,35s,Therapist holding bubble wand at eye level,Bubbles floating; adult hands waiting patiently,Joint Attention | Bubble Trick,Try this at home today,None,Save-rate,High,Approved,Faridabad Reel
F-02,Faridabad,@autismalliance_faridabad,Faridabad Content Layer,Crown Plaza Mall LG-06 Walkthrough,Crown Plaza Mall LG-06 Walkthrough,Faridabad parents: Therapy ke liye parking ka tension lene ki zaroorat nahi hai.,"Showcasing smooth basement mall parking, elevator, and peaceful lower ground entrance.",Faridabad Centre Head,Crown Plaza Mall Basement & LG-06,40s,"Car entering basement parking, elevator ride down, glass door entry",Clean reception desk with welcoming smiles,Crown Plaza Mall Sector 15A | LG-06,Visit us at Crown Plaza Mall,Voice of Faridabad,Familiarity,High,Approved,GBP Tour
F-03,Faridabad,@autismalliance_faridabad,Faridabad Content Layer,Kitchen Daal & Rajma Sensory Bowl,Kitchen Daal & Rajma Sensory Bowl,Kitchen ki daal aur spoons se bachhe ka sitting tolerance kaise badhayein.,Hiding small animal toys in dried beans builds tactile tolerance and exploratory play.,Senior OT,Faridabad Activity Room,35s,Macro close-up of adult hands burying small toy cow in rajma,Hands digging and smiling,Tactile Sensory Play | Kitchen Bin,Save this kitchen sensory routine,Faridabad Moms,Utility,High,Approved,Instagram Reel
F-04,Faridabad,@autismalliance_faridabad,Faridabad Content Layer,Sector 14 Toddler Sitting Dilemma,Sector 14 Toddler Sitting Dilemma,"Sector 14 ke parent ne pucha: 3 saal ka bachha baithta nahi hai, kya karein?","Sitting tolerance is physical, not obstinacy; core muscle tone and vestibular balance precede sitting.",Lead Clinical Supervisor,Faridabad Consult Cabin,40s,Clinician speaking directly to camera,Therapist guiding child on peanut ball for core strength,Sitting Tolerance | Core Strength First,Call Faridabad desk: +91 9810 578289,None,Lead gen,High,CLINICAL REVIEW REQUIRED,Q&A Clip
F-05,Faridabad,@autismalliance_faridabad,Faridabad Content Layer,Platform Swings in Action,Platform Swings in Action,Ye platform swing sirf jhoola nahi hai; ye bachhe ke balance brain ko train kar raha hai.,Vestibular stimulation on swings reorganizes sensory processing to improve calm focus.,Senior OT,Crown Plaza Sensory Gym,40s,Therapist gently rocking bolster swing,Swing ropes moving smoothly in safe padded gym,Vestibular Therapy | Sensory Swings,Book sensory check in Faridabad,None,Education,High,CLINICAL REVIEW REQUIRED,Gym Tour Reel
F-06,Faridabad,@autismalliance_faridabad,Faridabad Content Layer,Sensory Toothbrushing Blueprint,Sensory Toothbrushing Blueprint,Toothbrush dekhte hi bachha bhaagta hai? 3 gentle oral sensory steps.,Desensitizing gums with silicon finger brush and unflavored toothpaste before bristles.,Pediatric OT,Faridabad Therapy Room,40s,OT demonstrating silicon finger brush on knuckle,Soft bristled toothbrush and unflavored paste,Toothbrushing Without Tears,DM 'BRUSH' for checklist,Dr. Garima Malhotra,Save-rate,High,CLINICAL REVIEW REQUIRED,Collab Reel
F-07,Faridabad,@autismalliance_faridabad,Faridabad Content Layer,Sector 15A Saturday Parent Meetup,Sector 15A Saturday Parent Meetup,Faridabad ke families ek sath: Special needs journey me aap akele nahi hain.,Invitation to our free monthly Parent Classroom at Crown Plaza Mall Sector 15A.,Centre Manager,Crown Plaza Activity Hall,35s,Manager standing in welcoming room setup with chairs,"Tea cups, parent workbook folders on display",Faridabad Parent Circle | Sector 15A,RSVP for Saturday Parent Meetup,Faridabad Moms Group,Event RSVP,High,Approved,Event ad
F-08,Faridabad,@autismalliance_faridabad,Faridabad Content Layer,PECS Picture Exchange in Action,PECS Picture Exchange in Action,Non-verbal bachha apni baat kaise bataye? Picture Exchange demo.,Handing a picture card of 'water' to receive water establishes direct functional communication.,Lead Speech Therapist,Faridabad Speech Cabin,40s,Adult hand trading laminated picture card for cup,Close-up of PECS communication book with velcro,PECS Communication | Functional Voice,Consult our Speech Pathologists in Faridabad,Avaz AAC,Save-rate,High,CLINICAL REVIEW REQUIRED,Therapist demo
F-09,Faridabad,@autismalliance_faridabad,Faridabad Content Layer,Tantrum vs Meltdown in Faridabad Markets,Tantrum vs Meltdown in Faridabad Markets,Faridabad Sector 15 market me agar bachha scream kare: Tantrum ya Meltdown?,Tantrums want an audience and goal; sensory meltdowns are neurological panic requiring quiet.,Lead OT,Faridabad Clinic Room,45s,OT holding comparison graphic chart,Padded quiet calm-down corner demonstration,Meltdown vs Tantrum | Quick Decision,Save this decision chart,Voice of Faridabad,Share-rate,High,CLINICAL REVIEW REQUIRED,Infographic
F-10,Faridabad,@autismalliance_faridabad,Faridabad Content Layer,Apeejay Sector 15 School Preparation,Apeejay Sector 15 School Preparation,Apeejay aur Sector 15 schools me nursery admission readiness tips.,"Supporting self-help skills: Unzipping bags, opening tiffin boxes, and following peer queues.",Special Educator,Faridabad Classroom Cabin,40s,Educator packing a school bag with colorful lunchbox,Child hand unzipping pencil pouch,Nursery Readiness | Self-Help Skills,Visit our Sector 15A centre for readiness,Apeejay School,Utility,High,Approved,School Reel
F-11,Faridabad,@autismalliance_faridabad,Faridabad Content Layer,Crash Pad Heavy Work Demonstration,Crash Pad Heavy Work Demonstration,Bachhe ko bina daante energy channelize kaise karein: Crash pad jump.,Jumping safely onto dense foam crash pads provides proprioceptive regulation without injury.,Senior OT,Faridabad Sensory Gym,35s,Adult therapist falling playfully onto foam crash pad,Dense foam mat closeup and smiling thumbs up,Safe Crashing | Proprioception,Visit our sensory gym at Crown Plaza,None,Familiarity,Medium,CLINICAL REVIEW REQUIRED,Gym Short
F-12,Faridabad,@autismalliance_faridabad,Faridabad Content Layer,Managing Food Textures: Crunchy vs Wet,Managing Food Textures: Crunchy vs Wet,Faridabad mothers dilemma: Bachha roti khata hai par khichdi se ghin karta hai.,Understanding texture consistency; crunchy foods provide predictable sensory oral feedback.,Pediatric OT,Faridabad Activity Table,40s,OT comparing crunchy carrot stick to soft puree,Sensory feeding spoons with ridges,Selective Eating | Oral Sensory,DM 'FOOD' for sensory eating guide,Sarvodaya Hospital,Save-rate,High,CLINICAL REVIEW REQUIRED,Feeding Carousel
F-13,Faridabad,@autismalliance_faridabad,Faridabad Content Layer,Sock Seams and Shoe Struggles in Morning,Sock Seams and Shoe Struggles in Morning,Shoes pehnate waqt bachha kyu rota hai? Tactile foot sensitivity.,Seams inside socks press against sensitive nerve endings; turning socks inside-out provides instant relief.,Senior OT,Faridabad Room,35s,OT turning cotton sock inside out to show flat seam,Comfortable wide-toe barefoot style shoe,Sock Seams | Tactile Defensiveness,Save this simple morning hack,None,Save-rate,High,Approved,Practical tip
F-14,Faridabad,@autismalliance_faridabad,Faridabad Content Layer,Sanitizing Our Sensory Gym Every Morning,Sanitizing Our Sensory Gym Every Morning,Hamara daily hygiene protocol: Every swing and toy sanitized between sessions.,"Showing clinical sterilization of tactile balls, swings, and mats for infant safety.",Faridabad Clinic Supervisor,Crown Plaza Gym,30s,Staff wiping platform swing with medical disinfectant,"Spray bottle, clean microfiber cloth, sparkling room",Clinical Hygiene | 100% Sanitized,Safe care for your child in Faridabad,None,Trust moat,Medium,Approved,Trust Reel
F-15,Faridabad,@autismalliance_faridabad,Faridabad Content Layer,Haircut Panic: Desensitization at Home,Haircut Panic: Desensitization at Home,Barber shop jaane se pehle ghar par 3 haircuts desensitization drills.,Using electric toothbrush vibration on neck to simulate clippers before visiting barber.,Lead OT,Faridabad Cabin,40s,OT holding vibrating toothbrush against hand,Gentle massage towel wrap around shoulders,Haircut Fears | Sensory Desensitization,Save before your next haircut trip,Faridabad Moms,Save-rate,High,CLINICAL REVIEW REQUIRED,Practical Reel
F-16,Faridabad,@autismalliance_faridabad,Faridabad Content Layer,Faridabad Joint Family Evening Routine,Faridabad Joint Family Evening Routine,Joint family me shaam ke shor ke beech bachhe ko calm kaise karein.,Designating a 20-minute low-light quiet room routine before dinner to prevent evening meltdown.,Family Counselor,Faridabad Parent Room,40s,Counselor adjusting soft yellow lamp,Weighted lap pad on rocking chair,Evening Calm | Multi-Gen Families,Call Faridabad desk: +91 9810 578289,None,Empathy,Medium,Approved,Story Reel
F-17,Faridabad,@autismalliance_faridabad,Faridabad Content Layer,The 3-Second Rule in Speech Therapy,The 3-Second Rule in Speech Therapy,Bachhe se sawaal puch kar 3 second count kijiye: Magic pause trick.,Giving the neurodivergent brain 3 full seconds of silence allows auditory decoding and response.,Lead Speech Therapist,Faridabad Speech Room,35s,SLP showing 1-2-3 hand count with quiet smile,Therapist waiting patiently for toy handoff,The 3-Second Pause Rule,Try this during dinner tonight,Aawaz Speech,Save-rate,High,Approved,Speech Tip
F-18,Faridabad,@autismalliance_faridabad,Faridabad Content Layer,Potty Training: Overcoming Commode Terror,Potty Training: Overcoming Commode Terror,Commode par baithne se bachha kyu darta hai? Footstool trick.,Dangly feet trigger gravitational insecurity; placing a firm footstool stabilizes pelvic core muscles.,Pediatric OT,Faridabad Cabin,40s,OT demonstrating two-step footstool under small toilet seat,Firm non-slip stool with colorful footprints,Toilet Training | The Footstool Fix,Save this potty training roadmap,None,Save-rate,High,CLINICAL REVIEW REQUIRED,Guide download
F-19,Faridabad,@autismalliance_faridabad,Faridabad Content Layer,Neharpar & Greater Faridabad Commute Guide,Neharpar & Greater Faridabad Commute Guide,Neharpar (Bypass) se Crown Plaza Mall sirf 12 minute: Easy drive route.,Smooth highway connectivity straight into Sector 15A without traffic chokepoints.,Faridabad Centre Head,Crown Plaza Exterior & Bypass,30s,Time-lapse of car drive crossing flyover to mall,Ample parking spot available right at entrance,12 Mins from Greater Faridabad,Visit Autism Alliance at Crown Plaza,None,Catchment reach,High,Approved,Local Ad Reel
F-20,Faridabad,@autismalliance_faridabad,Faridabad Content Layer,Lycra Hammock Swing for Anxiety,Lycra Hammock Swing for Anxiety,Restless bachhe ko deep pressure lycra swing me wrap karne ka magic.,360-degree cocoon stretch provides vestibular and proprioceptive calm during overstimulation.,Senior OT,Crown Plaza Sensory Gym,35s,Therapist demonstrating elasticity of lycra fabric hammock,Soft swaying motion in dimly lit sensory gym,Lycra Hammock Swing | Anxiety Relief,Book sensory gym walkthrough,None,Save-rate,High,CLINICAL REVIEW REQUIRED,Sensory Demo
F-21,Faridabad,@autismalliance_faridabad,Faridabad Content Layer,Buttoning and Zipper Board Practice,Buttoning and Zipper Board Practice,School uniform ke buttons khud lagana kaise sikhayein.,Starting with large oversized wooden buttons on felt boards before school shirts.,Special Educator,Faridabad Activity Room,35s,Macro of adult fingers pushing giant wooden button through felt,Colorful zipper and snap button busy board,Fine Motor Dressing Skills,Save this dressing practice game,Grand Columbus,Utility,Medium,Approved,Fine Motor Demo
F-22,Faridabad,@autismalliance_faridabad,Faridabad Content Layer,Water Splash Sensory Play for Summer,Water Splash Sensory Play for Summer,Pani me haath marna: Regulation ya sirf shararat?,Water play calms heart rate and organizes breathing; how to structure splash play.,Senior OT,Crown Plaza Activity Room,35s,Clear plastic water tray with floating plastic rings,Hands scooping water with slotted wooden spoon,Water Sensory Play | Calming Reflex,Try this sensory water game today,None,Utility,Low,Approved,Summer Reel
F-23,Faridabad,@autismalliance_faridabad,Faridabad Content Layer,AIMS Hospital Faridabad Referral Route,AIMS Hospital Faridabad Referral Route,AIMS Sector 21A se hamare centre tak referral pathway kaise kaam karta hai.,Coordinating developmental evaluation reports directly with pediatric consultants.,Clinic Clinical Director,Faridabad Consult Room,40s,Director reviewing clinical multidisciplinary report,Doctor referral slip graphic template,Hospital to Therapy Referral,Call our clinic desk for appointment,AIMS Hospital,Referral trust,High,Approved,Medical Reel
F-24,Faridabad,@autismalliance_faridabad,Faridabad Content Layer,Clothespin Finger Strength Workout,Clothespin Finger Strength Workout,Kapde sukhane wale chimte se hand grip kaise banayein.,Pinching laundry pegs onto cardboard builds three-jaw chuck grasp needed for holding pencils.,Lead OT,Faridabad Activity Table,35s,Adult hand squeezing wooden clothespin onto colored paper plate,Bright wooden clothespins sorting by color,Hand Grip Strength | Clothespin Game,Save this 2-minute handwriting prep,Vidya Mandir School,Save-rate,High,Approved,Home Activity
F-25,Faridabad,@autismalliance_faridabad,Faridabad Content Layer,Visual Timer: Ending Screen Time Peacefully,Visual Timer: Ending Screen Time Peacefully,TV band karte hi rona shuru? Sand timer aur visual countdown fix.,"Visual timers show time passing physically so transitions are predictable, not sudden shocks.",Special Educator,Faridabad Cabin,35s,Red visual disk timer counting down last 5 minutes,Gentle non-jarring chime ringing,Ending Screen Time Without Tantrums,DM 'TIMER' for visual tools guide,Mother's Pride FBD,Save-rate,High,Approved,Tool Reel
F-26,Faridabad,@autismalliance_faridabad,Faridabad Content Layer,Faridabad Preschool Teachers Workshop,Faridabad Preschool Teachers Workshop,Crown Plaza centre par hamara free teachers training symposium highlights.,Clip of 25 local Faridabad preschool teachers learning sensory classroom hacks.,Centre Coordinator,Crown Plaza Activity Hall,40s,"B-roll of educators taking notes, smiling, practicing swings",Dr. Atul Madaan lecturing on inclusive classrooms,Teacher Training | Faridabad Classrooms,Schools: Contact us for complimentary workshops,Apeejay / MVN,Institutional trust,High,Approved,School outreach
F-27,Faridabad,@autismalliance_faridabad,Faridabad Content Layer,Picky Eating: Food Chaining 1mm Rule,Picky Eating: Food Chaining 1mm Rule,Naya khana try karne ka 1 millimeter rule: Food chaining decoded.,Placing new food next to preferred food on plate without forcing child to eat it.,Pediatric OT,Faridabad Activity Room,40s,Plate with favorite french fry beside one tiny slice of baked potato,"Demonstrating smell, touch, lick, chew progression",Food Chaining | Gentle Nutrition,Save this food chaining blueprint,Sarvodaya Hospital,Save-rate,High,CLINICAL REVIEW REQUIRED,Feeding Demo
F-28,Faridabad,@autismalliance_faridabad,Faridabad Content Layer,Why We Involve Parents in Every Session,Why We Involve Parents in Every Session,Hamare therapy rooms me parents bahar wait nahi karte; andar seekhte hain.,Parent-mediated therapy: Watching the therapist equips parents to replicate wins at home.,Faridabad Senior OT,Crown Plaza Therapy Cabin,40s,Parent seated comfortably in session room smiling and observing,Therapist explaining prompt hierarchy to parent,Parents Are The Real Therapists,Visit Autism Alliance Faridabad,All Local Partners,Philosophy,High,Approved,Brand Reel
F-29,Faridabad,@autismalliance_faridabad,Faridabad Content Layer,Weighted Lap Pad for Homework Focus,Weighted Lap Pad for Homework Focus,Study table par baithte waqt restlessness kaise calm karein.,Placing a 1.5kg weighted bean lap pad on thighs grounds the proprioceptive system.,Senior OT,Faridabad Activity Room,35s,OT placing soft plush weighted lap pad across lap,Child posture steadying while sorting beads,Weighted Lap Pads | Study Focus,Save this homework regulation tool,St. Albans School,Save-rate,High,CLINICAL REVIEW REQUIRED,Tool Short
F-30,Faridabad,@autismalliance_faridabad,Faridabad Content Layer,Meet Our Faridabad Therapy Team,Meet Our Faridabad Therapy Team,LG-06 Crown Plaza Mall: Miliye hamare multidisciplinary team se.,"Warm, human introductions of our Clinical Psychologist, Occupational Therapist, and Speech Pathologist.",Faridabad Team,Crown Plaza Mall LG-06 Reception,45s,Each specialist smiling and sharing their 5-second clinical passion,Warm handshake and welcome to centre,Meet Your Faridabad Team | Crown Plaza,Book an appointment: +91 9810 578289,All Local Groups,Human connection,High,Approved,Pinned Profile Reel
L-01,Ludhiana / National,@dratul_autismexpert,Dr. Atul Authority Layer,Before You Assume: Late Talker vs ASD,Before You Assume: Late Talker vs ASD,Before you assume bachha late talker hai... ye 3 social milestones observe kijiye.,"Words can lag, but shared joy, pointing, and name response separate speech delay from autism.",Dr. Atul Madaan,Consultation Studio,45s,"Dr. Atul direct to camera, calm clinical delivery",Split screen showing neurotypical pointing vs lack of joint gaze,Before You Assume | Speech Delay,Download 12-36M Observation Rubric,Kidsstoppress,Authority,High,CLINICAL REVIEW REQUIRED,YouTube Masterclass 1
L-02,Ludhiana / National,@dratul_autismexpert,Dr. Atul Authority Layer,Kidsstoppress Podcast Feature Clip,Kidsstoppress Podcast Feature Clip,Why therapy should not become a full-time childhood: Dr. Atul on KSP.,Putting toddlers in 30 hours of tabletop clinic drills causes trauma; parent-mediated home play is superior.,Dr. Atul Madaan,Podcast Studio,45s,Podcast mic shot with Mansi Zaveri asking question,B-roll of parent and child laughing together in park,Kidsstoppress × Dr. Atul Madaan,Full 45-min podcast link in bio,Kidsstoppress,High prestige,High,Approved,Viral Reel
L-03,Ludhiana / National,@dratul_autismexpert,Dr. Atul Authority Layer,Punjab Joint Family Advice & Denial,Punjab Joint Family Advice & Denial,Punjab de bujurg kehnde ne: 'Bada hoke aape bol pau' — Parivaar nu pyaar naal samjhao.,Addressing well-meaning denial in Punjab households; framing early therapy as skill empowerment.,Dr. Atul Madaan,Ludhiana Kochar Market Office,45s,Dr. Atul speaking dignified Hindi with warm Punjabi nuances,Traditional Punjab home setting artwork in background,Punjab Di Gal | Parivaar Da Darr,Visit Autism Alliance Ludhiana,Ludhiana Moms Club,Regional trust,High,CLINICAL REVIEW REQUIRED,Facebook Master Reel
L-04,Ludhiana / National,@dratul_autismexpert,Dr. Atul Authority Layer,Dr. Kochar x Dr. Atul Clinical Talk,Dr. Kochar x Dr. Atul Clinical Talk,EEG karwayein ya Psychological Assessment? Developmental delay me sahi route.,EEG rules out clinical seizures; psychometric tools (CARS/ADOS) diagnose autism spectrum.,Dr. Atul Madaan,Ludhiana Clinic Desk,45s,Split screen dialogue between Dr. Atul and Dr. Gurpreet Singh Kochar,EEG trace sheet beside CARS-2 diagnostic assessment manual,Neurologist vs Psychologist | The Farak,Consultations available in Ludhiana & Delhi,Dr. Gurpreet Singh Kochar,Medical authority,High,CLINICAL REVIEW REQUIRED,Clinical Short
L-05,Ludhiana / National,@dratul_autismexpert,Dr. Atul Authority Layer,Overcoming Maternal Guilt,Overcoming Maternal Guilt,"Doctor sahab, kya meri kisi galti ki wajah se mera bachha communicate nahi kar pa raha?",Autism is neurodevelopmental; bad parenting or working mother guilt is medically unfounded.,Dr. Atul Madaan,Studio Setup,45s,Close-up compassionate delivery,"Mother looking relieved, smiling with child",Stop Maternal Guilt | Dr. Atul Madaan,Share this with a fighting mother,Momspresso,Emotional resonance,Medium,Approved,Quote card
L-06,Ludhiana / National,@dratul_autismexpert,Dr. Atul Authority Layer,Gestalt Language: Reciting Jingles,Gestalt Language: Reciting Jingles,Repeating movie dialogues isn't meaningless; it is Gestalt Language Processing.,Children process whole phrases before words; acknowledging scripts opens true communication pathways.,Dr. Atul Madaan,Studio Setup,45s,Dr. Atul pointing to visual language development pyramid,Text bubbles showing animated dialogue chunks,Gestalt Language Processing | Echolalia,Watch full 12-min YouTube masterclass,Parenting Aaj Kal,Search authority,High,CLINICAL REVIEW REQUIRED,YouTube Masterclass 5
L-07,Ludhiana / National,@dratul_autismexpert,Dr. Atul Authority Layer,Sunday AMA: 3 Urgent Parent Queries,Sunday AMA: 3 Urgent Parent Queries,"Sunday Q&A: 3 questions on sensory overload, biting, and school admission.",Rapid-fire clinical wisdom resolving real parent doubts submitted via Instagram Stories.,Dr. Atul Madaan,Studio Setup,45s,Dr. Atul holding smartphone showing question sticker,Text overlay showing user questions,Sunday AMA with Dr. Atul Madaan,Drop your question for next Sunday,None,Community trust,Medium,CLINICAL REVIEW REQUIRED,Story highlight
L-08,Ludhiana / National,@dratul_autismexpert,Dr. Atul Authority Layer,The Virtual Autism Controversy,The Virtual Autism Controversy,Kya screen time ne mere bachhe ko autism diya? The medical truth.,Differentiating between environmental communication deprivation and lifelong neurodivergence.,Dr. Atul Madaan,Studio Setup,45s,"Dr. Atul direct to camera, measured scientific tone",Child looking at glowing phone screen vs looking at parent,Virtual Autism vs Clinical ASD,DM 'SCREENS' for replacement guide,Gunjan Talks,Authority,High,CLINICAL REVIEW REQUIRED,Podcast clip
L-09,Ludhiana / National,@dratul_autismexpert,Dr. Atul Authority Layer,Sat Paul Mittal School Inclusion Talk,Sat Paul Mittal School Inclusion Talk,Ludhiana progressive schools me inclusive education model kaise lead ho raha hai.,Commending forward-thinking schools in Punjab for integrating sensory breaks and IEPs.,Dr. Atul Madaan,Sat Paul Mittal School Campus,40s,Dr. Atul standing in modern school library,School building exterior and happy inclusive classroom,Inclusive Punjab Classrooms | Sat Paul Mittal,Download our School Inclusion Toolkit,Sat Paul Mittal School,Institutional trust,High,Approved,School Reel
L-10,Ludhiana / National,@dratul_autismexpert,Dr. Atul Authority Layer,Never Stop Stimming (Unless Injurious),Never Stop Stimming (Unless Injurious),Hand flapping aur spinning ko zabardasti rokna sabse badi clinical mistake kyu hai?,Stimming regulates an overloaded nervous system; extinguishing stims spikes acute panic.,Dr. Atul Madaan,Studio Setup,45s,"Dr. Atul with serious, protective clinical demeanor",Hands fluttering gently in joy; deep breathing cue,Respect Stimming | Coping Science,Share with educators and family members,The Ranveer Show,High save-rate,High,Approved,Reel / Short
L-11,Ludhiana / National,@dratul_autismexpert,Dr. Atul Authority Layer,Gunjan Talks Video Feature Clip,Gunjan Talks Video Feature Clip,Why Indian clinics exploit parent fear: Dr. Atul Madaan on Gunjan Talks.,"Debunking false 30-day cure claims, hyperbaric oxygen scams, and expensive unproven diets.",Dr. Atul Madaan,Gunjan Talks Studio,45s,Podcast camera showing Dr. Atul and Gunjan Taneja,Warning symbol overlay against false cure claims,Beware of False Miracle Cures,Watch full Gunjan Talks episode on YouTube,Gunjan Talks,High prestige,High,Approved,Viral Short
L-12,Ludhiana / National,@dratul_autismexpert,Dr. Atul Authority Layer,Ludhiana Heritage: 20 Years in Kochar Market,Ludhiana Heritage: 20 Years in Kochar Market,Ludhiana de 114 Green Field vich 20 saalan da trust: Hamari clinical roots.,Celebrating decades of guiding Punjab families through child development right in Kochar Market Road.,Dr. Atul Madaan,Kochar Market Road Exterior,45s,Dr. Atul walking through Ludhiana centre corridors,Old clinical photographs and milestones wall,20 Years of Autism Care | Ludhiana,Call Ludhiana clinic desk: +91 9646 443200,Ludhiana Ladies Circle,Regional dominance,High,Approved,Heritage Reel
L-13,Ludhiana / National,@dratul_autismexpert,Dr. Atul Authority Layer,The 18-Month M-CHAT Screening Score,The 18-Month M-CHAT Screening Score,M-CHAT score 3 se zyada aaya hai? Agle 48 ghante ka parent decision roadmap.,Explaining the Modified Checklist for Autism in Toddlers without inducing parental panic.,Dr. Atul Madaan,Studio Setup,40s,Dr. Atul holding official M-CHAT checklist sheet,Close-up of checkmark boxes on developmental rubric,M-CHAT Screening Score Decoded,Download our free developmental guide,Dr. Arpit Gupta,High utility,High,CLINICAL REVIEW REQUIRED,Lead magnet Reel
L-14,Ludhiana / National,@dratul_autismexpert,Dr. Atul Authority Layer,DMCH & CMCH Hospital Referral Partnerships,DMCH & CMCH Hospital Referral Partnerships,Ludhiana ke premier medical colleges se clinical coordination kaise hoti hai.,Collaborative pediatric care between hospital OPDs and Autism Alliance specialized therapy rooms.,Dr. Atul Madaan,Ludhiana Centre Suite,40s,Dr. Atul seated at consultation desk,DMCH hospital building exterior b-roll,Medical Coordination in Punjab | DMCH & CMC,Consultations available at Kochar Market,DMCH Pediatrics,Medical trust,Medium,Approved,Local clinical Reel
L-15,Ludhiana / National,@dratul_autismexpert,Dr. Atul Authority Layer,Why Asking 'What Color Is This?' Fails,Why Asking 'What Color Is This?' Fails,Bachhe ka test lena band kijiye: Commentative play language formula.,"Replace testing questions with descriptive commentary (*'Look, a big blue car!'*) to trigger speech.",Dr. Atul Madaan,Studio Setup,40s,Dr. Atul holding toy car demonstrating language cue,Child face smiling without pressure,Stop Testing Your Toddler | Speech Science,Save this speech formula,Parenting Aaj Kal,Save-rate,High,Approved,Speech Short
L-16,Ludhiana / National,@dratul_autismexpert,Dr. Atul Authority Layer,The Ranveer Show (TRS) Hindi Clip,The Ranveer Show (TRS) Hindi Clip,What happens to the autistic brain in loud Indian cities: Dr. Atul on TRS.,Sensory processing differences and how sensory overload triggers fight-or-flight panic in urban life.,Dr. Atul Madaan,TRS Studio,45s,Podcast mic shot with dynamic studio lighting,Infographic overlay of sensory nervous system,The Sensory World | Dr. Atul Madaan on TRS,Full TRS episode link in bio,The Ranveer Show,Mega viral reach,High,Approved,Viral Short
L-17,Ludhiana / National,@dratul_autismexpert,Dr. Atul Authority Layer,Parent-Mediated Therapy (PTP) Explained,Parent-Mediated Therapy (PTP) Explained,Parents are the real therapists. We professionals are just the facilitators.,Explaining Autism Alliance's foundational philosophy: Training parents to lead neuroplastic change.,Dr. Atul Madaan,Studio Setup,45s,Dr. Atul speaking with conviction and warmth,Mother and therapist giving high-five in sensory gym,Our Core Philosophy | Parent-Mediated Care,Learn about our Parent Training Program,All Partners,Brand core,High,Approved,Pinned Bio Video
L-18,Ludhiana / National,@dratul_autismexpert,Dr. Atul Authority Layer,Toilet Training: The Hidden Interoceptive Sense,Toilet Training: The Hidden Interoceptive Sense,Bachha commode par baithta hai par potty nahi karta? Interoception explained.,Interoception is the internal bodily sense; children must learn to recognize bowel signals without anxiety.,Dr. Atul Madaan,Studio Setup,40s,Graphic showing the 8th sense: Interoception,Visual schedule bathroom routine card,Interoception | Toilet Training Science,Watch full YouTube Masterclass 7,None,Save-rate,High,CLINICAL REVIEW REQUIRED,YT Masterclass 7 Short
L-19,Ludhiana / National,@dratul_autismexpert,Dr. Atul Authority Layer,The Indian Father's Journey: Acceptance,The Indian Father's Journey: Acceptance,Fathers aksar silence me darr chupate hain: Ek psychologist ka direct message.,Moving past male societal denial and discovering the healing power of being present for your child.,Dr. Atul Madaan,Studio Setup,45s,"Dr. Atul speaking man-to-man, measured and deep",Father carrying child on shoulders in sunset park,A Message to Indian Fathers | Dr. Atul,Share with a father today,Varun Dhiman,Deep share,High,Approved,Fatherhood Reel
L-20,Ludhiana / National,@dratul_autismexpert,Dr. Atul Authority Layer,Diet & Supplements: Sorting Fact from Fiction,Diet & Supplements: Sorting Fact from Fiction,"Gluten-free, casein-free diet se kya autism theek ho sakta hai? The science.","Diet can alleviate gut pain, but diet is not an autism cure; focus on evidence-based therapies.",Dr. Atul Madaan,Studio Setup,45s,Dr. Atul with clinical scientific rigor,Plate of healthy food beside scientific journal,Autism Diet Myths | Medical Reality,Save this evidence-based guide,Kavita Devgan,Authority,High,CLINICAL REVIEW REQUIRED,Clinical Short
L-21,Ludhiana / National,@dratul_autismexpert,Dr. Atul Authority Layer,What To Do When Grandparents Disagree,What To Do When Grandparents Disagree,Punjab de gharan vich bujurg kehnde ne: 'Sadde vele ta koi autism nahi si'.,Generational shift in diagnostic awareness; why explaining sensory differences creates family unity.,Dr. Atul Madaan,Ludhiana Office,45s,Dr. Atul speaking respectful Punjabi/Hindi,Warm portrait of grandfather holding grandchild,Generational Wisdom | Respectful Dialogues,Share in your family group,PBX Regional Media,Emotional reach,High,Approved,Family Reel
L-22,Ludhiana / National,@dratul_autismexpert,Dr. Atul Authority Layer,The 5-Year Roadmap: Building Independence,The 5-Year Roadmap: Building Independence,10 saal ke baad kya hoga? Shifting from deficit fixing to functional life skills.,"Teaching money navigation, community safety, cooking, and emotional autonomy for the future.",Dr. Atul Madaan,Studio Setup,45s,Dr. Atul outlining life skills hierarchy,Pre-teen child making independent choices,The Next 5 Years | Lifelong Independence,Watch full 15-min YouTube Masterclass 8,Raj Shamani,Visionary,High,Approved,YT Masterclass 8 Short
L-23,Ludhiana / National,@dratul_autismexpert,Dr. Atul Authority Layer,Co-Regulation: Your Breathing Calms Their Brain,Co-Regulation: Your Breathing Calms Their Brain,Meltdown ke waqt chillana band kijiye: Mirror neurons and co-regulation.,Your calm nervous system is the anchor that pulls your child out of neurological panic.,Dr. Atul Madaan,Studio Setup,40s,"Dr. Atul inhaling slowly, showing calm breath",Parent holding child gently without talking,Co-Regulation | Mirror Neurons,Save this calming reminder,Little Fixes,High save-rate,High,Approved,Emotional Reel
L-24,Ludhiana / National,@dratul_autismexpert,Dr. Atul Authority Layer,Can An Autistic Child Go to Mainstream School?,Can An Autistic Child Go to Mainstream School?,Kya mera autistic bachha normal regular school me padh sakta hai?,"Inclusive education works brilliantly when supported by IEPs, sensory accommodations, and trained teachers.",Dr. Atul Madaan,Studio Setup,45s,Dr. Atul speaking with encouragement and realism,Child sitting happily among neurotypical peers,Mainstream vs Special School | Decision Guide,Consult our special education team,Bluebells / Tagore,High demand,High,CLINICAL REVIEW REQUIRED,School Short
L-25,Ludhiana / National,@dratul_autismexpert,Dr. Atul Authority Layer,The Danger of 'Wait and Watch' After Age 2,The Danger of 'Wait and Watch' After Age 2,Doctor ne kaha 'wait kijiye 3 saal tak' — Kyu ye advice dangerous hai?,Waiting wastes peak toddler neuroplasticity; early developmental support should begin immediately.,Dr. Atul Madaan,Studio Setup,40s,Timeline graphic showing synaptic density 0 to 3 years,Clock ticking backwards animation,Stop Waiting | Neuroplasticity Window,Book an early screening session,Kidsstoppress,Urgency & Trust,High,CLINICAL REVIEW REQUIRED,Lead Reel
L-26,Ludhiana / National,@dratul_autismexpert,Dr. Atul Authority Layer,Adult Autism: What Childhood Looked Like,Adult Autism: What Childhood Looked Like,Bade hokar autistic adults kya batate hain: Childhood memories of overwhelm.,Listening to neurodivergent adults teaches us how to support our toddlers without trauma.,Dr. Atul Madaan,Studio Setup,45s,Dr. Atul reflecting on clinical patient insights,Quote card from autistic adult advocate,Listening to Autistic Voices | Neurodiversity,Share for neurodiversity acceptance,Dr. Sid Warrier,Advocacy,High,Approved,Neurodiversity Reel
L-27,Ludhiana / National,@dratul_autismexpert,Dr. Atul Authority Layer,The National Trust Act & Legal Guardianship,The National Trust Act & Legal Guardianship,Indian parents legal guide: National Trust Act 1999 aur legal guardianship.,"Securing your child's legal, financial, and residential future in India through official trusts.",Dr. Atul Madaan,Studio Setup,45s,Dr. Atul holding legal gazette document,Legal seal and paperwork overview,Legal Planning | Special Needs India,Download our Legal & Financial Checklist,Shantanu Deshpande,High utility,High,Approved,Legal Guide
L-28,Ludhiana / National,@dratul_autismexpert,Dr. Atul Authority Layer,Why Multi-Disciplinary Under One Roof Wins,Why Multi-Disciplinary Under One Roof Wins,"OT ke liye Saket, Speech ke liye Model Town: Fragmented therapy failure.","Why having clinical psychologists, OTs, and SLPs planning together in one room accelerates progress.",Dr. Atul Madaan,Consultation Suite,45s,Dr. Atul reviewing coordinated chart with therapy team,Three specialist signatures on single treatment plan,The Integrated Multi-Disciplinary Moat,"Visit Autism Alliance in Delhi, Faridabad, Ludhiana",All Partners,Conversion,High,Approved,Brand Moat Reel
L-29,Ludhiana / National,@dratul_autismexpert,Dr. Atul Authority Layer,Sunday AMA: Biting and Aggression De-Escalation,Sunday AMA: Biting and Aggression De-Escalation,Sunday Q&A: Bachha gusse me kaatta ya maarta hai toh immediately kya karein?,Biting is communication of extreme sensory overload; identifying the ABC trigger before punishment.,Dr. Atul Madaan,Studio Setup,40s,Dr. Atul breaking down ABC behavior model,Text graphic: Antecedent -> Behavior -> Consequence,Biting & Meltdowns | The ABC Model,Drop your questions for next Sunday,None,Problem solving,High,CLINICAL REVIEW REQUIRED,Sunday Short
L-30,Ludhiana / National,@dratul_autismexpert,Dr. Atul Authority Layer,Dr. Atul's Direct Message to Every Fighting Parent,Dr. Atul's Direct Message to Every Fighting Parent,Aap akelay nahi hain: A 45-second message of hope and strength from Dr. Atul Madaan.,"Validating the exhausting daily love, resilience, and courage of Indian special needs families.",Dr. Atul Madaan,Studio Setup (Warm lighting),45s,"Dr. Atul looking directly into lens, speaking with heartfelt compassion",Warm cinematic smile and folded hands (*Namaste*),You Are Doing Enough | Dr. Atul Madaan,Follow @dratul_autismexpert for daily guidance,All Partners,Viral empathy,High,Approved,Hero Brand Video
